OG0006611																						Pech|nbis-mrna-10542, Pech|nbis-mrna-11342, Pech|nbis-mrna-1164, Pech|nbis-mrna-11662, Pech|nbis-mrna-1171, Pech|nbis-mrna-13368, Pech|nbis-mrna-14240, Pech|nbis-mrna-14620, Pech|nbis-mrna-14914, Pech|nbis-mrna-15731, Pech|nbis-mrna-16086, Pech|nbis-mrna-1613, Pech|nbis-mrna-17002, Pech|nbis-mrna-17470, Pech|nbis-mrna-17644, Pech|nbis-mrna-18383, Pech|nbis-mrna-18712, Pech|nbis-mrna-21162, Pech|nbis-mrna-2534, Pech|nbis-mrna-4555, Pech|nbis-mrna-5052, Pech|nbis-mrna-5879, Pech|nbis-mrna-6204, Pech|nbis-mrna-6506, Pech|nbis-mrna-653, Pech|nbis-mrna-6725, Pech|nbis-mrna-8901, Pech|nbis-mrna-9239, Pech|nbis-mrna-9875	Rpac|RPACG00000033696.1					
OG0008430																		Oalv|OALVG00000000151.1, Oalv|OALVG00000000856.1, Oalv|OALVG00000000863.1, Oalv|OALVG00000000867.1, Oalv|OALVG00000000874.1, Oalv|OALVG00000000875.1, Oalv|OALVG00000006820.1, Oalv|OALVG00000006823.1, Oalv|OALVG00000006826.1, Oalv|OALVG00000006829.1, Oalv|OALVG00000021621.1, Oalv|OALVG00000026570.1, Oalv|OALVG00000026571.1, Oalv|OALVG00000031246.1, Oalv|OALVG00000031247.1, Oalv|OALVG00000031249.1				Pech|nbis-mrna-12994, Pech|nbis-mrna-6752	Rpac|RPACG00000001150.1, Rpac|RPACG00000001151.1, Rpac|RPACG00000013788.1, Rpac|RPACG00000013790.1, Rpac|RPACG00000013793.1, Rpac|RPACG00000029262.1, Rpac|RPACG00000029264.1, Rpac|RPACG00000029265.1					
OG0008762																						Pech|nbis-mrna-1178	Rpac|RPACG00000031174.1, Rpac|RPACG00000031178.1, Rpac|RPACG00000031179.1, Rpac|RPACG00000031181.1, Rpac|RPACG00000031182.1, Rpac|RPACG00000031183.1, Rpac|RPACG00000031187.1, Rpac|RPACG00000031188.1, Rpac|RPACG00000031192.1, Rpac|RPACG00000031194.1, Rpac|RPACG00000031195.1, Rpac|RPACG00000031196.1, Rpac|RPACG00000031197.1, Rpac|RPACG00000031198.1, Rpac|RPACG00000031199.1, Rpac|RPACG00000031200.1, Rpac|RPACG00000031201.1, Rpac|RPACG00000031202.1, Rpac|RPACG00000031203.1, Rpac|RPACG00000031204.1, Rpac|RPACG00000035171.1, Rpac|RPACG00000035182.1, Rpac|RPACG00000035183.1, Rpac|RPACG00000035184.1					
OG0010547																		Oalv|OALVG00000003997.1, Oalv|OALVG00000004019.1, Oalv|OALVG00000004024.1, Oalv|OALVG00000004041.1, Oalv|OALVG00000004050.1, Oalv|OALVG00000004236.1, Oalv|OALVG00000004374.1, Oalv|OALVG00000009800.1, Oalv|OALVG00000011061.1, Oalv|OALVG00000011069.1, Oalv|OALVG00000011074.1, Oalv|OALVG00000012320.1, Oalv|OALVG00000012321.1, Oalv|OALVG00000019296.1, Oalv|OALVG00000029833.1, Oalv|OALVG00000035267.1				Pech|nbis-mrna-12250, Pech|nbis-mrna-19053	Rpac|RPACG00000003862.1					
OG0010836																		Oalv|OALVG00000000648.1				Pech|nbis-mrna-10411, Pech|nbis-mrna-10431, Pech|nbis-mrna-12227, Pech|nbis-mrna-15316, Pech|nbis-mrna-19797, Pech|nbis-mrna-20449, Pech|nbis-mrna-20450, Pech|nbis-mrna-2502, Pech|nbis-mrna-437, Pech|nbis-mrna-4627, Pech|nbis-mrna-5964, Pech|nbis-mrna-6751, Pech|nbis-mrna-7724, Pech|nbis-mrna-9970	Rpac|RPACG00000022217.1, Rpac|RPACG00000033053.1, Rpac|RPACG00000033054.1					
OG0011780																		Oalv|OALVG00000004272.1, Oalv|OALVG00000004883.1, Oalv|OALVG00000004884.1, Oalv|OALVG00000004885.1, Oalv|OALVG00000004886.1, Oalv|OALVG00000004887.1, Oalv|OALVG00000004888.1, Oalv|OALVG00000010602.1, Oalv|OALVG00000010604.1, Oalv|OALVG00000010605.1, Oalv|OALVG00000013672.1, Oalv|OALVG00000013673.1, Oalv|OALVG00000013674.1				Pech|nbis-mrna-2157	Rpac|RPACG00000017556.1					
OG0011781																		Oalv|OALVG00000015849.1, Oalv|OALVG00000015850.1, Oalv|OALVG00000015851.1, Oalv|OALVG00000015852.1				Pech|nbis-mrna-5675	Rpac|RPACG00000012552.1, Rpac|RPACG00000012554.1, Rpac|RPACG00000012556.1, Rpac|RPACG00000012658.1, Rpac|RPACG00000012659.1, Rpac|RPACG00000012660.1, Rpac|RPACG00000012661.1, Rpac|RPACG00000012662.1, Rpac|RPACG00000032894.1, Rpac|RPACG00000032896.1					
OG0012160																		Oalv|OALVG00000010701.1, Oalv|OALVG00000010709.1, Oalv|OALVG00000015282.1, Oalv|OALVG00000015283.1				Pech|nbis-mrna-11288, Pech|nbis-mrna-11289, Pech|nbis-mrna-11290, Pech|nbis-mrna-16048, Pech|nbis-mrna-19763, Pech|nbis-mrna-21736, Pech|nbis-mrna-3255, Pech|nbis-mrna-33	Rpac|RPACG00000034256.1, Rpac|RPACG00000034257.1					
OG0012177																						Pech|nbis-mrna-15635	Rpac|RPACG00000007571.1, Rpac|RPACG00000010313.1, Rpac|RPACG00000020606.1, Rpac|RPACG00000020607.1, Rpac|RPACG00000021785.1, Rpac|RPACG00000021943.1, Rpac|RPACG00000021961.1, Rpac|RPACG00000024029.1, Rpac|RPACG00000024030.1, Rpac|RPACG00000026121.1, Rpac|RPACG00000026122.1, Rpac|RPACG00000026313.1, Rpac|RPACG00000035187.1					
OG0012616																		Oalv|OALVG00000030930.1, Oalv|OALVG00000031228.1, Oalv|OALVG00000031229.1, Oalv|OALVG00000031230.1				Pech|nbis-mrna-2320, Pech|nbis-mrna-2321, Pech|nbis-mrna-4336	Rpac|RPACG00000033694.1, Rpac|RPACG00000033695.1, Rpac|RPACG00000033697.1, Rpac|RPACG00000033698.1, Rpac|RPACG00000033699.1, Rpac|RPACG00000035860.1					
OG0012639																						Pech|nbis-mrna-14247, Pech|nbis-mrna-14248, Pech|nbis-mrna-14249, Pech|nbis-mrna-14250, Pech|nbis-mrna-21096, Pech|nbis-mrna-2937, Pech|nbis-mrna-2938, Pech|nbis-mrna-2939, Pech|nbis-mrna-3665, Pech|nbis-mrna-9865, Pech|nbis-mrna-9866	Rpac|RPACG00000020605.1, Rpac|RPACG00000024884.1					
OG0013127																		Oalv|OALVG00000001036.1, Oalv|OALVG00000001037.1, Oalv|OALVG00000001039.1, Oalv|OALVG00000001103.1, Oalv|OALVG00000001104.1, Oalv|OALVG00000004067.1, Oalv|OALVG00000004068.1, Oalv|OALVG00000016598.1, Oalv|OALVG00000033515.1, Oalv|OALVG00000033516.1				Pech|nbis-mrna-4722, Pech|nbis-mrna-7074						
OG0013130																		Oalv|OALVG00000004355.1, Oalv|OALVG00000006129.1, Oalv|OALVG00000008275.1, Oalv|OALVG00000014123.1, Oalv|OALVG00000019660.1, Oalv|OALVG00000020938.1, Oalv|OALVG00000022066.1, Oalv|OALVG00000024900.1, Oalv|OALVG00000028412.1, Oalv|OALVG00000033919.1, Oalv|OALVG00000034251.1				Pech|nbis-mrna-11899						
OG0013133																		Oalv|OALVG00000016285.1				Pech|nbis-mrna-16837, Pech|nbis-mrna-16838, Pech|nbis-mrna-16840, Pech|nbis-mrna-16843, Pech|nbis-mrna-16844, Pech|nbis-mrna-16847, Pech|nbis-mrna-16848, Pech|nbis-mrna-22130, Pech|nbis-mrna-3136, Pech|nbis-mrna-8491	Rpac|RPACG00000003381.1					
OG0013788																		Oalv|OALVG00000011076.1, Oalv|OALVG00000035159.1				Pech|nbis-mrna-14728, Pech|nbis-mrna-14729, Pech|nbis-mrna-21788, Pech|nbis-mrna-21789, Pech|nbis-mrna-21790, Pech|nbis-mrna-21792, Pech|nbis-mrna-21793, Pech|nbis-mrna-5476, Pech|nbis-mrna-8031						
OG0013790																		Oalv|OALVG00000013275.1				Pech|nbis-mrna-11410, Pech|nbis-mrna-11687, Pech|nbis-mrna-15105, Pech|nbis-mrna-1667, Pech|nbis-mrna-20317, Pech|nbis-mrna-34, Pech|nbis-mrna-3996, Pech|nbis-mrna-6310, Pech|nbis-mrna-8386	Rpac|RPACG00000012972.1					
OG0013795																		Oalv|OALVG00000026211.1, Oalv|OALVG00000026212.1, Oalv|OALVG00000026213.1, Oalv|OALVG00000026216.1, Oalv|OALVG00000026217.1, Oalv|OALVG00000026218.1, Oalv|OALVG00000026220.1, Oalv|OALVG00000026221.1, Oalv|OALVG00000026222.1				Pech|nbis-mrna-6985	Rpac|RPACG00000033617.1					
OG0014529																		Oalv|OALVG00000000039.1, Oalv|OALVG00000000041.1, Oalv|OALVG00000000086.1, Oalv|OALVG00000000112.1, Oalv|OALVG00000000116.1, Oalv|OALVG00000000118.1, Oalv|OALVG00000009790.1, Oalv|OALVG00000029263.1, Oalv|OALVG00000035582.1				Pech|nbis-mrna-20011						
OG0014531																		Oalv|OALVG00000002509.1, Oalv|OALVG00000014050.1, Oalv|OALVG00000016283.1, Oalv|OALVG00000017470.1, Oalv|OALVG00000017496.1, Oalv|OALVG00000017497.1, Oalv|OALVG00000023331.1, Oalv|OALVG00000031298.1, Oalv|OALVG00000031301.1				Pech|nbis-mrna-10920						
OG0014534																		Oalv|OALVG00000003585.1, Oalv|OALVG00000003587.1, Oalv|OALVG00000007784.1, Oalv|OALVG00000016292.1, Oalv|OALVG00000035454.1				Pech|nbis-mrna-13695	Rpac|RPACG00000018725.1, Rpac|RPACG00000018727.1, Rpac|RPACG00000018730.1, Rpac|RPACG00000018731.1					
OG0014535																		Oalv|OALVG00000006260.1				Pech|nbis-mrna-10061, Pech|nbis-mrna-10063, Pech|nbis-mrna-10066, Pech|nbis-mrna-11917, Pech|nbis-mrna-12395, Pech|nbis-mrna-14312, Pech|nbis-mrna-14313, Pech|nbis-mrna-3711, Pech|nbis-mrna-7023						
OG0014542																		Oalv|OALVG00000017934.1				Pech|nbis-mrna-12324, Pech|nbis-mrna-16150, Pech|nbis-mrna-1622, Pech|nbis-mrna-17428, Pech|nbis-mrna-18938, Pech|nbis-mrna-18939, Pech|nbis-mrna-18940, Pech|nbis-mrna-18941, Pech|nbis-mrna-999						
OG0014543																		Oalv|OALVG00000019223.1, Oalv|OALVG00000019224.1, Oalv|OALVG00000019225.1, Oalv|OALVG00000019460.1, Oalv|OALVG00000033380.1				Pech|nbis-mrna-14412	Rpac|RPACG00000006732.1, Rpac|RPACG00000006733.1, Rpac|RPACG00000029438.1, Rpac|RPACG00000029439.1					
OG0014587																						Pech|nbis-mrna-21801, Pech|nbis-mrna-21802, Pech|nbis-mrna-21803, Pech|nbis-mrna-21804, Pech|nbis-mrna-6101, Pech|nbis-mrna-6102	Rpac|RPACG00000021518.1, Rpac|RPACG00000021522.1, Rpac|RPACG00000021525.1, Rpac|RPACG00000021529.1					
OG0014590																						Pech|nbis-mrna-11754, Pech|nbis-mrna-12021, Pech|nbis-mrna-15458, Pech|nbis-mrna-2167, Pech|nbis-mrna-3197, Pech|nbis-mrna-3198, Pech|nbis-mrna-3199, Pech|nbis-mrna-990, Pech|nbis-mrna-991	Rpac|RPACG00000014814.1					
OG0014593																						Pech|nbis-mrna-9465	Rpac|RPACG00000006908.1, Rpac|RPACG00000006909.1, Rpac|RPACG00000006910.1, Rpac|RPACG00000009494.1, Rpac|RPACG00000009495.1, Rpac|RPACG00000010467.1, Rpac|RPACG00000026607.1, Rpac|RPACG00000026608.1, Rpac|RPACG00000026609.1					
OG0015487																		Oalv|OALVG00000006357.1, Oalv|OALVG00000009728.1				Pech|nbis-mrna-10641, Pech|nbis-mrna-11767, Pech|nbis-mrna-21807	Rpac|RPACG00000001722.1, Rpac|RPACG00000009837.1, Rpac|RPACG00000009842.1, Rpac|RPACG00000012950.1					
OG0015489																		Oalv|OALVG00000006769.1, Oalv|OALVG00000034488.1				Pech|nbis-mrna-16133, Pech|nbis-mrna-21272, Pech|nbis-mrna-21473, Pech|nbis-mrna-2176, Pech|nbis-mrna-2177, Pech|nbis-mrna-5603, Pech|nbis-mrna-7673						
OG0015496																		Oalv|OALVG00000016468.1, Oalv|OALVG00000016475.1, Oalv|OALVG00000016574.1, Oalv|OALVG00000016582.1, Oalv|OALVG00000033259.1, Oalv|OALVG00000033260.1, Oalv|OALVG00000033261.1				Pech|nbis-mrna-15227, Pech|nbis-mrna-18504						
OG0016625																		Oalv|OALVG00000000028.1, Oalv|OALVG00000000102.1				Pech|nbis-mrna-14905, Pech|nbis-mrna-17349, Pech|nbis-mrna-1960, Pech|nbis-mrna-1962	Rpac|RPACG00000014429.1, Rpac|RPACG00000014430.1					
OG0016626																		Oalv|OALVG00000000153.1, Oalv|OALVG00000000218.1				Pech|nbis-mrna-8161, Pech|nbis-mrna-8162, Pech|nbis-mrna-8164, Pech|nbis-mrna-8165	Rpac|RPACG00000009070.1, Rpac|RPACG00000026641.1					
OG0016634																		Oalv|OALVG00000007380.1, Oalv|OALVG00000010667.1, Oalv|OALVG00000016111.1, Oalv|OALVG00000016113.1, Oalv|OALVG00000016116.1, Oalv|OALVG00000016117.1				Pech|nbis-mrna-2901, Pech|nbis-mrna-3438						
OG0016643																		Oalv|OALVG00000019678.1, Oalv|OALVG00000019679.1, Oalv|OALVG00000030966.1, Oalv|OALVG00000030967.1, Oalv|OALVG00000030969.1				Pech|nbis-mrna-10211, Pech|nbis-mrna-10213, Pech|nbis-mrna-10214						
OG0018186																		Oalv|OALVG00000000722.1, Oalv|OALVG00000035461.1, Oalv|OALVG00000035462.1, Oalv|OALVG00000035466.1, Oalv|OALVG00000035467.1				Pech|nbis-mrna-4823, Pech|nbis-mrna-6468						
OG0018195																		Oalv|OALVG00000002988.1, Oalv|OALVG00000002989.1, Oalv|OALVG00000002990.1, Oalv|OALVG00000002991.1, Oalv|OALVG00000002992.1, Oalv|OALVG00000002993.1				Pech|nbis-mrna-15397						
OG0018201																		Oalv|OALVG00000006298.1, Oalv|OALVG00000006299.1				Pech|nbis-mrna-19023, Pech|nbis-mrna-20087, Pech|nbis-mrna-20089, Pech|nbis-mrna-9473	Rpac|RPACG00000019336.1					
OG0018204																		Oalv|OALVG00000006623.1, Oalv|OALVG00000021191.1, Oalv|OALVG00000021193.1, Oalv|OALVG00000021314.1				Pech|nbis-mrna-2559, Pech|nbis-mrna-9662	Rpac|RPACG00000015510.1					
OG0018206																		Oalv|OALVG00000006821.1, Oalv|OALVG00000028203.1, Oalv|OALVG00000028204.1, Oalv|OALVG00000028205.1, Oalv|OALVG00000028206.1				Pech|nbis-mrna-17368, Pech|nbis-mrna-7924						
OG0018208																		Oalv|OALVG00000007002.1, Oalv|OALVG00000007003.1, Oalv|OALVG00000008195.1, Oalv|OALVG00000017052.1, Oalv|OALVG00000019813.1, Oalv|OALVG00000023849.1				Pech|nbis-mrna-6208						
OG0018212																		Oalv|OALVG00000009769.1, Oalv|OALVG00000025446.1				Pech|nbis-mrna-21190, Pech|nbis-mrna-22615, Pech|nbis-mrna-22617, Pech|nbis-mrna-2817	Rpac|RPACG00000029458.1					
OG0018215																		Oalv|OALVG00000010982.1, Oalv|OALVG00000011053.1, Oalv|OALVG00000012296.1, Oalv|OALVG00000012354.1, Oalv|OALVG00000030646.1, Oalv|OALVG00000035194.1				Pech|nbis-mrna-10190						
OG0018230																		Oalv|OALVG00000029163.1, Oalv|OALVG00000029202.1				Pech|nbis-mrna-10312, Pech|nbis-mrna-10314, Pech|nbis-mrna-10474, Pech|nbis-mrna-1678, Pech|nbis-mrna-484						
OG0018318																						Pech|nbis-mrna-11432, Pech|nbis-mrna-15680, Pech|nbis-mrna-1698, Pech|nbis-mrna-20191, Pech|nbis-mrna-20453, Pech|nbis-mrna-6185	Rpac|RPACG00000030642.1					
OG0020371																		Oalv|OALVG00000004470.1, Oalv|OALVG00000004471.1, Oalv|OALVG00000004479.1, Oalv|OALVG00000009121.1, Oalv|OALVG00000025221.1				Pech|nbis-mrna-11016						
OG0020373																		Oalv|OALVG00000004733.1, Oalv|OALVG00000004734.1, Oalv|OALVG00000009045.1, Oalv|OALVG00000020594.1, Oalv|OALVG00000022851.1				Pech|nbis-mrna-12701						
OG0020381																		Oalv|OALVG00000007431.1, Oalv|OALVG00000009240.1, Oalv|OALVG00000009241.1, Oalv|OALVG00000009242.1, Oalv|OALVG00000009243.1				Pech|nbis-mrna-20683						
OG0020387																		Oalv|OALVG00000009851.1, Oalv|OALVG00000029526.1, Oalv|OALVG00000029527.1, Oalv|OALVG00000029532.1, Oalv|OALVG00000029533.1				Pech|nbis-mrna-2888						
OG0020388																		Oalv|OALVG00000009902.1, Oalv|OALVG00000009903.1, Oalv|OALVG00000010690.1, Oalv|OALVG00000031977.1				Pech|nbis-mrna-366	Rpac|RPACG00000031513.1					
OG0020389																		Oalv|OALVG00000010599.1, Oalv|OALVG00000010601.1, Oalv|OALVG00000015405.1, Oalv|OALVG00000018769.1, Oalv|OALVG00000023591.1				Pech|nbis-mrna-11260						
OG0020396																		Oalv|OALVG00000013320.1, Oalv|OALVG00000033545.1				Pech|nbis-mrna-5355, Pech|nbis-mrna-6838	Rpac|RPACG00000006367.1, Rpac|RPACG00000023643.1					
OG0020400																		Oalv|OALVG00000014965.1, Oalv|OALVG00000014978.1				Pech|nbis-mrna-2096, Pech|nbis-mrna-343, Pech|nbis-mrna-4597	Rpac|RPACG00000011118.1					
OG0020406																		Oalv|OALVG00000017205.1, Oalv|OALVG00000017207.1, Oalv|OALVG00000031960.1				Pech|nbis-mrna-21478, Pech|nbis-mrna-9595	Rpac|RPACG00000012999.1					
OG0020407																		Oalv|OALVG00000017601.1, Oalv|OALVG00000017603.1, Oalv|OALVG00000028301.1, Oalv|OALVG00000028304.1, Oalv|OALVG00000028356.1				Pech|nbis-mrna-19755						
OG0020417																		Oalv|OALVG00000025669.1				Pech|nbis-mrna-11251, Pech|nbis-mrna-14927, Pech|nbis-mrna-16970, Pech|nbis-mrna-3724, Pech|nbis-mrna-5877						
OG0020420																		Oalv|OALVG00000027429.1, Oalv|OALVG00000027430.1, Oalv|OALVG00000027431.1, Oalv|OALVG00000027432.1, Oalv|OALVG00000027433.1				Pech|nbis-mrna-3095						
OG0020422																		Oalv|OALVG00000031448.1, Oalv|OALVG00000033553.1				Pech|nbis-mrna-7077, Pech|nbis-mrna-7078, Pech|nbis-mrna-9252	Rpac|RPACG00000030446.1					
OG0020561																						Pech|nbis-mrna-12840, Pech|nbis-mrna-13423, Pech|nbis-mrna-17767, Pech|nbis-mrna-7879	Rpac|RPACG00000017939.1, Rpac|RPACG00000017940.1					
OG0020562																						Pech|nbis-mrna-1366, Pech|nbis-mrna-1367, Pech|nbis-mrna-1368, Pech|nbis-mrna-489, Pech|nbis-mrna-4917	Rpac|RPACG00000012101.1					
OG0020571																						Pech|nbis-mrna-2997	Rpac|RPACG00000012984.1, Rpac|RPACG00000012987.1, Rpac|RPACG00000012990.1, Rpac|RPACG00000012993.1, Rpac|RPACG00000012996.1					
OG0020572																						Pech|nbis-mrna-4837, Pech|nbis-mrna-5392, Pech|nbis-mrna-8828, Pech|nbis-mrna-8829, Pech|nbis-mrna-906	Rpac|RPACG00000007501.1					
OG0023493																		Oalv|OALVG00000002131.1				Pech|nbis-mrna-15744	Rpac|RPACG00000029634.1, Rpac|RPACG00000029635.1, Rpac|RPACG00000029636.1					
OG0023500																		Oalv|OALVG00000004672.1, Oalv|OALVG00000004712.1				Pech|nbis-mrna-1796	Rpac|RPACG00000025227.1, Rpac|RPACG00000025228.1					
OG0023503																		Oalv|OALVG00000005114.1				Pech|nbis-mrna-12029, Pech|nbis-mrna-21386, Pech|nbis-mrna-7780, Pech|nbis-mrna-9382						
OG0023505																		Oalv|OALVG00000005256.1, Oalv|OALVG00000005263.1, Oalv|OALVG00000007407.1, Oalv|OALVG00000007408.1				Pech|nbis-mrna-18043						
OG0023510																		Oalv|OALVG00000006792.1, Oalv|OALVG00000027178.1, Oalv|OALVG00000027180.1				Pech|nbis-mrna-12896, Pech|nbis-mrna-12897						
OG0023516																		Oalv|OALVG00000008127.1, Oalv|OALVG00000021628.1				Pech|nbis-mrna-5873	Rpac|RPACG00000002691.1, Rpac|RPACG00000002693.1					
OG0023517																		Oalv|OALVG00000008503.1				Pech|nbis-mrna-14837, Pech|nbis-mrna-14838, Pech|nbis-mrna-14840, Pech|nbis-mrna-566						
OG0023526																		Oalv|OALVG00000011717.1, Oalv|OALVG00000011719.1, Oalv|OALVG00000028729.1, Oalv|OALVG00000028732.1				Pech|nbis-mrna-913						
OG0023528																		Oalv|OALVG00000012112.1, Oalv|OALVG00000015300.1, Oalv|OALVG00000019400.1, Oalv|OALVG00000034512.1				Pech|nbis-mrna-8376						
OG0023539																		Oalv|OALVG00000015906.1, Oalv|OALVG00000015907.1, Oalv|OALVG00000015909.1				Pech|nbis-mrna-21331	Rpac|RPACG00000032479.1					
OG0023541																		Oalv|OALVG00000016110.1, Oalv|OALVG00000016112.1				Pech|nbis-mrna-16298, Pech|nbis-mrna-16300, Pech|nbis-mrna-8824						
OG0023548																		Oalv|OALVG00000019862.1				Pech|nbis-mrna-19579, Pech|nbis-mrna-8124, Pech|nbis-mrna-8125, Pech|nbis-mrna-8126						
OG0023553																		Oalv|OALVG00000023577.1, Oalv|OALVG00000023602.1, Oalv|OALVG00000023603.1, Oalv|OALVG00000023604.1				Pech|nbis-mrna-6345						
OG0023554																		Oalv|OALVG00000024234.1, Oalv|OALVG00000024235.1				Pech|nbis-mrna-6691	Rpac|RPACG00000002447.1, Rpac|RPACG00000024655.1					
OG0023555																		Oalv|OALVG00000024270.2, Oalv|OALVG00000024285.1				Pech|nbis-mrna-6740, Pech|nbis-mrna-6746	Rpac|RPACG00000017923.1					
OG0023560																		Oalv|OALVG00000026502.1, Oalv|OALVG00000026611.1, Oalv|OALVG00000026616.1				Pech|nbis-mrna-18150, Pech|nbis-mrna-9730						
OG0023562																		Oalv|OALVG00000027612.1				Pech|nbis-mrna-14015, Pech|nbis-mrna-16795, Pech|nbis-mrna-16796	Rpac|RPACG00000033957.1					
OG0023563																		Oalv|OALVG00000028915.1				Pech|nbis-mrna-14958, Pech|nbis-mrna-5160	Rpac|RPACG00000022163.1, Rpac|RPACG00000028282.1					
OG0023572																		Oalv|OALVG00000032541.1, Oalv|OALVG00000032546.1				Pech|nbis-mrna-10423, Pech|nbis-mrna-20128	Rpac|RPACG00000035413.1					
OG0023758																						Pech|nbis-mrna-13746, Pech|nbis-mrna-19065, Pech|nbis-mrna-19066, Pech|nbis-mrna-19067	Rpac|RPACG00000003221.1					
OG0023770																						Pech|nbis-mrna-18112	Rpac|RPACG00000003436.1, Rpac|RPACG00000010878.1, Rpac|RPACG00000010880.1, Rpac|RPACG00000027287.1					
OG0023773																						Pech|nbis-mrna-13802, Pech|nbis-mrna-2744, Pech|nbis-mrna-5745, Pech|nbis-mrna-9113	Rpac|RPACG00000001317.1					
OG0023779																						Pech|nbis-mrna-20800, Pech|nbis-mrna-7971	Rpac|RPACG00000004146.1, Rpac|RPACG00000004147.1, Rpac|RPACG00000024672.1					
OG0023782																						Pech|nbis-mrna-1676	Rpac|RPACG00000025666.1, Rpac|RPACG00000025667.1, Rpac|RPACG00000025672.1, Rpac|RPACG00000025673.1					
OG0028122																		Oalv|OALVG00000001509.1, Oalv|OALVG00000001510.1, Oalv|OALVG00000001512.1				Pech|nbis-mrna-21233						
OG0028123																		Oalv|OALVG00000001691.1, Oalv|OALVG00000016879.1				Pech|nbis-mrna-8170	Rpac|RPACG00000021502.1					
OG0028124																		Oalv|OALVG00000001747.1, Oalv|OALVG00000019821.1				Pech|nbis-mrna-12982	Rpac|RPACG00000033377.1					
OG0028126																		Oalv|OALVG00000001813.1				Pech|nbis-mrna-7272, Pech|nbis-mrna-7706	Rpac|RPACG00000025406.1					
OG0028137																		Oalv|OALVG00000003378.1				Pech|nbis-mrna-16753, Pech|nbis-mrna-17622, Pech|nbis-mrna-4486						
OG0028138																		Oalv|OALVG00000003419.1, Oalv|OALVG00000003421.1, Oalv|OALVG00000028172.1				Pech|nbis-mrna-6638						
OG0028143																		Oalv|OALVG00000004689.1				Pech|nbis-mrna-1615, Pech|nbis-mrna-2758, Pech|nbis-mrna-4252						
OG0028144																		Oalv|OALVG00000004940.1, Oalv|OALVG00000025762.1, Oalv|OALVG00000025763.1				Pech|nbis-mrna-15686						
OG0028148																		Oalv|OALVG00000005942.1, Oalv|OALVG00000020192.1				Pech|nbis-mrna-3614	Rpac|RPACG00000010841.1					
OG0028151																		Oalv|OALVG00000006645.1				Pech|nbis-mrna-20295, Pech|nbis-mrna-20297, Pech|nbis-mrna-4014						
OG0028153																		Oalv|OALVG00000006863.1, Oalv|OALVG00000006864.1				Pech|nbis-mrna-8340	Rpac|RPACG00000024807.1					
OG0028163																		Oalv|OALVG00000008066.1				Pech|nbis-mrna-11701, Pech|nbis-mrna-22451, Pech|nbis-mrna-22452						
OG0028165																		Oalv|OALVG00000008173.1, Oalv|OALVG00000029392.1				Pech|nbis-mrna-16725, Pech|nbis-mrna-2006						
OG0028173																		Oalv|OALVG00000008870.1				Pech|nbis-mrna-14777, Pech|nbis-mrna-22206	Rpac|RPACG00000002082.1					
OG0028175																		Oalv|OALVG00000009535.1, Oalv|OALVG00000009536.1, Oalv|OALVG00000009541.1				Pech|nbis-mrna-11187						
OG0028181																		Oalv|OALVG00000012111.1, Oalv|OALVG00000035109.1				Pech|nbis-mrna-46	Rpac|RPACG00000000566.1					
OG0028188																		Oalv|OALVG00000014100.1, Oalv|OALVG00000014102.1				Pech|nbis-mrna-12240	Rpac|RPACG00000035795.1					
OG0028195																		Oalv|OALVG00000015908.1, Oalv|OALVG00000015911.1				Pech|nbis-mrna-21333, Pech|nbis-mrna-8323						
OG0028210																		Oalv|OALVG00000019482.1, Oalv|OALVG00000024039.1				Pech|nbis-mrna-14867, Pech|nbis-mrna-6504						
OG0028221																		Oalv|OALVG00000021752.1				Pech|nbis-mrna-16434, Pech|nbis-mrna-21797	Rpac|RPACG00000024404.1					
OG0028232																		Oalv|OALVG00000024060.1				Pech|nbis-mrna-16915	Rpac|RPACG00000020142.1, Rpac|RPACG00000020173.1					
OG0028248																		Oalv|OALVG00000029006.1				Pech|nbis-mrna-3168, Pech|nbis-mrna-4320	Rpac|RPACG00000009770.1					
OG0028249																		Oalv|OALVG00000029168.1, Oalv|OALVG00000029169.1				Pech|nbis-mrna-3685	Rpac|RPACG00000026040.1					
OG0028256																		Oalv|OALVG00000032552.1				Pech|nbis-mrna-10526, Pech|nbis-mrna-10532	Rpac|RPACG00000005489.1					
OG0028260																		Oalv|OALVG00000034205.1				Pech|nbis-mrna-16989, Pech|nbis-mrna-18698	Rpac|RPACG00000006602.1					
OG0028580																						Pech|nbis-mrna-9517	Rpac|RPACG00000004675.1, Rpac|RPACG00000004676.1, Rpac|RPACG00000035958.1					
OG0028589																						Pech|nbis-mrna-15532, Pech|nbis-mrna-1563, Pech|nbis-mrna-19983	Rpac|RPACG00000019864.1					
OG0028595																						Pech|nbis-mrna-867, Pech|nbis-mrna-868, Pech|nbis-mrna-869	Rpac|RPACG00000031083.1					
OG0028597																						Pech|nbis-mrna-11425, Pech|nbis-mrna-16862, Pech|nbis-mrna-1982	Rpac|RPACG00000024691.1					
OG0035593																		Oalv|OALVG00000000329.1, Oalv|OALVG00000004853.1				Pech|nbis-mrna-13287						
OG0035601																		Oalv|OALVG00000000784.1				Pech|nbis-mrna-2414	Rpac|RPACG00000000595.1					
OG0035613																		Oalv|OALVG00000002001.1				Pech|nbis-mrna-10188	Rpac|RPACG00000010587.1					
OG0035622																		Oalv|OALVG00000002574.1				Pech|nbis-mrna-8933	Rpac|RPACG00000034157.1					
OG0035623																		Oalv|OALVG00000002585.1				Pech|nbis-mrna-9934	Rpac|RPACG00000012797.1					
OG0035640																		Oalv|OALVG00000004078.1, Oalv|OALVG00000004085.1				Pech|nbis-mrna-8965						
OG0035649																		Oalv|OALVG00000004369.1, Oalv|OALVG00000024047.1				Pech|nbis-mrna-17869						
OG0035657																		Oalv|OALVG00000004841.1				Pech|nbis-mrna-15070	Rpac|RPACG00000000962.1					
OG0035664																		Oalv|OALVG00000005547.1				Pech|nbis-mrna-577, Pech|nbis-mrna-6250						
OG0035669																		Oalv|OALVG00000006006.1				Pech|nbis-mrna-11821	Rpac|RPACG00000004311.1					
OG0035673																		Oalv|OALVG00000006761.1				Pech|nbis-mrna-19974	Rpac|RPACG00000015833.1					
OG0035677																		Oalv|OALVG00000007406.1				Pech|nbis-mrna-7037	Rpac|RPACG00000005732.1					
OG0035686																		Oalv|OALVG00000008098.1				Pech|nbis-mrna-1329	Rpac|RPACG00000032652.1					
OG0035695																		Oalv|OALVG00000009516.1				Pech|nbis-mrna-7205	Rpac|RPACG00000007316.1					
OG0035712																		Oalv|OALVG00000011165.1, Oalv|OALVG00000015539.1				Pech|nbis-mrna-183						
OG0035717																		Oalv|OALVG00000011738.1, Oalv|OALVG00000028761.1				Pech|nbis-mrna-19153						
OG0035720																		Oalv|OALVG00000011924.1				Pech|nbis-mrna-2514	Rpac|RPACG00000031459.1					
OG0035722																		Oalv|OALVG00000012603.1				Pech|nbis-mrna-18777, Pech|nbis-mrna-2867						
OG0035732																		Oalv|OALVG00000014101.1				Pech|nbis-mrna-16949	Rpac|RPACG00000035793.1					
OG0035733																		Oalv|OALVG00000014213.1				Pech|nbis-mrna-4595	Rpac|RPACG00000018852.1					
OG0035735																		Oalv|OALVG00000014320.1, Oalv|OALVG00000014323.1				Pech|nbis-mrna-5983						
OG0035737																		Oalv|OALVG00000014514.1				Pech|nbis-mrna-15344	Rpac|RPACG00000013943.1					
OG0035742																		Oalv|OALVG00000014588.1				Pech|nbis-mrna-17064	Rpac|RPACG00000022212.1					
OG0035748																		Oalv|OALVG00000015185.1				Pech|nbis-mrna-14963	Rpac|RPACG00000019482.1					
OG0035766																		Oalv|OALVG00000017121.1, Oalv|OALVG00000033075.1				Pech|nbis-mrna-2520						
OG0035771																		Oalv|OALVG00000018604.1				Pech|nbis-mrna-510	Rpac|RPACG00000018373.1					
OG0035790																		Oalv|OALVG00000021116.1				Pech|nbis-mrna-1355	Rpac|RPACG00000034585.1					
OG0035792																		Oalv|OALVG00000021632.1, Oalv|OALVG00000021633.1				Pech|nbis-mrna-5706						
OG0035794																		Oalv|OALVG00000021697.1				Pech|nbis-mrna-11782	Rpac|RPACG00000004652.1					
OG0035800																		Oalv|OALVG00000022973.1				Pech|nbis-mrna-7906	Rpac|RPACG00000006126.1					
OG0035801																		Oalv|OALVG00000023087.1				Pech|nbis-mrna-13844	Rpac|RPACG00000025985.1					
OG0035802																		Oalv|OALVG00000023327.1				Pech|nbis-mrna-18111, Pech|nbis-mrna-18114						
OG0035804																		Oalv|OALVG00000023554.1				Pech|nbis-mrna-10500	Rpac|RPACG00000030004.1					
OG0035805																		Oalv|OALVG00000024065.1				Pech|nbis-mrna-16296, Pech|nbis-mrna-16297						
OG0035813																		Oalv|OALVG00000025379.1				Pech|nbis-mrna-1193, Pech|nbis-mrna-20322						
OG0035814																		Oalv|OALVG00000025387.1				Pech|nbis-mrna-11912, Pech|nbis-mrna-20809						
OG0035816																		Oalv|OALVG00000026249.1, Oalv|OALVG00000034530.1				Pech|nbis-mrna-11638						
OG0035821																		Oalv|OALVG00000027186.1				Pech|nbis-mrna-4964	Rpac|RPACG00000018526.1					
OG0035823																		Oalv|OALVG00000027569.1				Pech|nbis-mrna-19301	Rpac|RPACG00000000421.1					
OG0035824																		Oalv|OALVG00000027828.1				Pech|nbis-mrna-21994	Rpac|RPACG00000019130.1					
OG0035826																		Oalv|OALVG00000028227.1				Pech|nbis-mrna-13999	Rpac|RPACG00000034447.1					
OG0035827																		Oalv|OALVG00000028229.1				Pech|nbis-mrna-14000	Rpac|RPACG00000034444.1					
OG0035833																		Oalv|OALVG00000029966.1				Pech|nbis-mrna-3497	Rpac|RPACG00000030157.1					
OG0035835																		Oalv|OALVG00000030281.1, Oalv|OALVG00000035806.1				Pech|nbis-mrna-18358						
OG0035839																		Oalv|OALVG00000031260.1				Pech|nbis-mrna-19337	Rpac|RPACG00000031709.1					
OG0035844																		Oalv|OALVG00000032448.1				Pech|nbis-mrna-10323	Rpac|RPACG00000019744.1					
OG0035845																		Oalv|OALVG00000032500.1, Oalv|OALVG00000032525.1				Pech|nbis-mrna-10200						
OG0035846																		Oalv|OALVG00000032671.2				Pech|nbis-mrna-21850	Rpac|RPACG00000016501.1					
OG0035847																		Oalv|OALVG00000032705.1				Pech|nbis-mrna-9669	Rpac|RPACG00000022750.1					
OG0035850																		Oalv|OALVG00000032952.1				Pech|nbis-mrna-6794	Rpac|RPACG00000029034.1					
OG0035853																		Oalv|OALVG00000034166.1				Pech|nbis-mrna-2224	Rpac|RPACG00000016252.1					
OG0035856																		Oalv|OALVG00000034465.1, Oalv|OALVG00000034466.1				Pech|nbis-mrna-266						
OG0036341																						Pech|nbis-mrna-10087, Pech|nbis-mrna-21064	Rpac|RPACG00000027130.1					
OG0036342																						Pech|nbis-mrna-21065	Rpac|RPACG00000027129.1, Rpac|RPACG00000027131.1					
OG0036352																						Pech|nbis-mrna-3433	Rpac|RPACG00000009644.1, Rpac|RPACG00000009645.1					
OG0036359																						Pech|nbis-mrna-19586	Rpac|RPACG00000002025.1, Rpac|RPACG00000017632.1					
OG0036379																						Pech|nbis-mrna-7618, Pech|nbis-mrna-9707	Rpac|RPACG00000026416.1					
OG0036388																						Pech|nbis-mrna-1797, Pech|nbis-mrna-793	Rpac|RPACG00000025233.1					
OG0036390																						Pech|nbis-mrna-7372	Rpac|RPACG00000010366.1, Rpac|RPACG00000030591.1					
OG0036397																						Pech|nbis-mrna-10567, Pech|nbis-mrna-20709	Rpac|RPACG00000026190.1					
OG0036404																						Pech|nbis-mrna-1155	Rpac|RPACG00000028554.1, Rpac|RPACG00000028556.1					
OG0036414																						Pech|nbis-mrna-1546, Pech|nbis-mrna-1547	Rpac|RPACG00000002814.1					
OG0036428																						Pech|nbis-mrna-19341, Pech|nbis-mrna-19343	Rpac|RPACG00000007419.1					
OG0036434																						Pech|nbis-mrna-6249	Rpac|RPACG00000006204.1, Rpac|RPACG00000006206.1					
OG0036436																						Pech|nbis-mrna-12373, Pech|nbis-mrna-2300	Rpac|RPACG00000016466.1					
OG0049627																		Oalv|OALVG00000001354.1				Pech|nbis-mrna-3404						
OG0049646																		Oalv|OALVG00000001902.1				Pech|nbis-mrna-19491						
OG0049657																		Oalv|OALVG00000002272.1				Pech|nbis-mrna-15780						
OG0049692																		Oalv|OALVG00000004147.1				Pech|nbis-mrna-21339						
OG0049767																		Oalv|OALVG00000007570.1				Pech|nbis-mrna-19756						
OG0049784																		Oalv|OALVG00000008135.1				Pech|nbis-mrna-16507						
OG0049785																		Oalv|OALVG00000008144.1				Pech|nbis-mrna-16509						
OG0049842																		Oalv|OALVG00000010462.1				Pech|nbis-mrna-6877						
OG0049845																		Oalv|OALVG00000010521.1				Pech|nbis-mrna-1065						
OG0049891																		Oalv|OALVG00000011894.1				Pech|nbis-mrna-13989						
OG0049904																		Oalv|OALVG00000012602.1				Pech|nbis-mrna-4616						
OG0049906																		Oalv|OALVG00000012683.1				Pech|nbis-mrna-12650						
OG0049942																		Oalv|OALVG00000014027.1				Pech|nbis-mrna-2528						
OG0049945																		Oalv|OALVG00000014096.1				Pech|nbis-mrna-1213						
OG0049946																		Oalv|OALVG00000014103.1				Pech|nbis-mrna-18608						
OG0049959																		Oalv|OALVG00000014840.1				Pech|nbis-mrna-21169						
OG0049960																		Oalv|OALVG00000014841.1				Pech|nbis-mrna-21170						
OG0049970																		Oalv|OALVG00000015325.1				Pech|nbis-mrna-21767						
OG0049996																		Oalv|OALVG00000016753.1				Pech|nbis-mrna-1763						
OG0050011																		Oalv|OALVG00000017590.1				Pech|nbis-mrna-17568						
OG0050013																		Oalv|OALVG00000017842.1				Pech|nbis-mrna-13237						
OG0050046																		Oalv|OALVG00000019502.1				Pech|nbis-mrna-17420						
OG0050059																		Oalv|OALVG00000020257.1				Pech|nbis-mrna-5590						
OG0050093																		Oalv|OALVG00000022321.1				Pech|nbis-mrna-21286						
OG0050121																		Oalv|OALVG00000023677.1				Pech|nbis-mrna-14355						
OG0050145																		Oalv|OALVG00000025300.1				Pech|nbis-mrna-15975						
OG0050152																		Oalv|OALVG00000025457.1				Pech|nbis-mrna-6904						
OG0050170																		Oalv|OALVG00000026178.1				Pech|nbis-mrna-1823						
OG0050193																		Oalv|OALVG00000027636.1				Pech|nbis-mrna-9014						
OG0050196																		Oalv|OALVG00000027801.1				Pech|nbis-mrna-21625						
OG0050202																		Oalv|OALVG00000028228.1				Pech|nbis-mrna-13998						
OG0050205																		Oalv|OALVG00000028327.1				Pech|nbis-mrna-14447						
OG0050210																		Oalv|OALVG00000028470.1				Pech|nbis-mrna-20267						
OG0050212																		Oalv|OALVG00000028776.1				Pech|nbis-mrna-13440						
OG0050221																		Oalv|OALVG00000029039.1				Pech|nbis-mrna-1190						
OG0050222																		Oalv|OALVG00000029061.1				Pech|nbis-mrna-944						
OG0050230																		Oalv|OALVG00000029405.1				Pech|nbis-mrna-155						
OG0050266																		Oalv|OALVG00000031409.1				Pech|nbis-mrna-13245						
OG0050280																		Oalv|OALVG00000032190.1				Pech|nbis-mrna-19357						
OG0050310																		Oalv|OALVG00000033420.1				Pech|nbis-mrna-5303						
OG0050312																		Oalv|OALVG00000033581.1				Pech|nbis-mrna-17081						
OG0050328																		Oalv|OALVG00000034467.1				Pech|nbis-mrna-267						
OG0050331																		Oalv|OALVG00000034636.1				Pech|nbis-mrna-6842						
OG0051484																						Pech|nbis-mrna-7588	Rpac|RPACG00000026778.1					
OG0051486																						Pech|nbis-mrna-11413	Rpac|RPACG00000026769.1					
OG0051515																						Pech|nbis-mrna-22497	Rpac|RPACG00000034660.1					
OG0051518																						Pech|nbis-mrna-16852	Rpac|RPACG00000002056.1					
OG0051521																						Pech|nbis-mrna-19766	Rpac|RPACG00000034307.1					
OG0051536																						Pech|nbis-mrna-10298	Rpac|RPACG00000025444.1					
OG0051574																						Pech|nbis-mrna-15972	Rpac|RPACG00000011994.1					
OG0051576																						Pech|nbis-mrna-20673	Rpac|RPACG00000019407.1					
OG0051601																						Pech|nbis-mrna-6518	Rpac|RPACG00000025240.1					
OG0051602																						Pech|nbis-mrna-8494	Rpac|RPACG00000005671.1					
OG0051616																						Pech|nbis-mrna-2393	Rpac|RPACG00000005993.1					
OG0051618																						Pech|nbis-mrna-19734	Rpac|RPACG00000014966.1					
OG0051621																						Pech|nbis-mrna-20858	Rpac|RPACG00000008265.1					
OG0051639																						Pech|nbis-mrna-21728	Rpac|RPACG00000036742.1					
OG0051641																						Pech|nbis-mrna-5552	Rpac|RPACG00000021328.1					
OG0051654																						Pech|nbis-mrna-17457	Rpac|RPACG00000015186.1					
OG0051669																						Pech|nbis-mrna-10940	Rpac|RPACG00000018453.1					
OG0051671																						Pech|nbis-mrna-4869	Rpac|RPACG00000003183.1					
OG0051675																						Pech|nbis-mrna-20562	Rpac|RPACG00000001086.1					
OG0051689																						Pech|nbis-mrna-18925	Rpac|RPACG00000001164.1					
OG0051691																						Pech|nbis-mrna-12725	Rpac|RPACG00000025832.1					
OG0051700																						Pech|nbis-mrna-7256	Rpac|RPACG00000013021.1					
OG0051704																						Pech|nbis-mrna-18610	Rpac|RPACG00000035792.1					
OG0051708																						Pech|nbis-mrna-20878	Rpac|RPACG00000020808.1					
OG0051711																						Pech|nbis-mrna-8566	Rpac|RPACG00000014208.1					
OG0051721																						Pech|nbis-mrna-21395	Rpac|RPACG00000023644.1					
OG0051732																						Pech|nbis-mrna-21593	Rpac|RPACG00000021085.1					
OG0051735																						Pech|nbis-mrna-22182	Rpac|RPACG00000004067.1					
OG0051740																						Pech|nbis-mrna-16112	Rpac|RPACG00000018548.1					
OG0051750																						Pech|nbis-mrna-1957	Rpac|RPACG00000026762.1					
OG0051754																						Pech|nbis-mrna-13767	Rpac|RPACG00000028177.1					
OG0051756																						Pech|nbis-mrna-18686	Rpac|RPACG00000022013.1					
OG0051761																						Pech|nbis-mrna-14176	Rpac|RPACG00000008225.1					
OG0051769																						Pech|nbis-mrna-7643	Rpac|RPACG00000017655.1					
OG0051772																						Pech|nbis-mrna-17	Rpac|RPACG00000004176.1					
OG0051797																						Pech|nbis-mrna-8011	Rpac|RPACG00000018451.1					
OG0051798																						Pech|nbis-mrna-2700	Rpac|RPACG00000035641.1					
OG0051808																						Pech|nbis-mrna-22388	Rpac|RPACG00000013326.1					
