Orthogroup	Species	GO_term1	GO_term2	GO_term3	gene_ID	Panther_annotation	KEGG_number
OG0000339	paraescarpia	
OG0000339	paraescarpia	
OG0000339	paraescarpia	
OG0000339	paraescarpia	
OG0000339	paraescarpia	
OG0000339	paraescarpia	
OG0000339	paraescarpia	
OG0000339	paraescarpia	
OG0000339	paraescarpia	
OG0000339	paraescarpia	
OG0000339	paraescarpia	
OG0000339	paraescarpia	
OG0000339	paraescarpia	
OG0000339	paraescarpia	
OG0000339	paraescarpia	
OG0000339	paraescarpia	
OG0000339	paraescarpia	
OG0000339	paraescarpia	
OG0000339	paraescarpia	
OG0000339	paraescarpia	
OG0000339	paraescarpia	
OG0000339	paraescarpia	
OG0000339	paraescarpia	
OG0000339	paraescarpia	
OG0000339	paraescarpia	
OG0000339	paraescarpia	
OG0000339	paraescarpia	
OG0000339	paraescarpia	
OG0000339	paraescarpia	
OG0000339	paraescarpia	
OG0000339	paraescarpia	
OG0000339	paraescarpia	
OG0000339	paraescarpia	
OG0000339	paraescarpia	
OG0000339	paraescarpia	
OG0000339	paraescarpia	
OG0000339	paraescarpia	
OG0000339	paraescarpia	
OG0000339	paraescarpia	
OG0000339	paraescarpia	
OG0000339	paraescarpia	
OG0000339	paraescarpia	
OG0000339	paraescarpia	
OG0000339	paraescarpia	
OG0000339	paraescarpia	
OG0000339	paraescarpia	
OG0000339	paraescarpia	
OG0000339	paraescarpia	
OG0000339	paraescarpia	
OG0000339	paraescarpia	
OG0000339	paraescarpia	
OG0000339	paraescarpia	
OG0000339	paraescarpia	
OG0000339	paraescarpia	
OG0000339	paraescarpia	
OG0000339	paraescarpia	
OG0000339	paraescarpia	
OG0000339	paraescarpia	
OG0000339	paraescarpia	
OG0000339	paraescarpia	
OG0000339	paraescarpia	
OG0000339	paraescarpia	
OG0000339	paraescarpia	
OG0000339	paraescarpia	
OG0000339	paraescarpia	
OG0000339	paraescarpia	
OG0000339	paraescarpia	
OG0000339	paraescarpia	
OG0000339	paraescarpia	
OG0000339	paraescarpia	
OG0000339	paraescarpia	
OG0000339	paraescarpia	
OG0000339	paraescarpia	
OG0000339	paraescarpia	
OG0000339	paraescarpia	
OG0000339	paraescarpia	
OG0000339	paraescarpia	
OG0000339	paraescarpia	
OG0000339	paraescarpia	
OG0000339	paraescarpia	
OG0000339	paraescarpia	
OG0000339	paraescarpia	
OG0000339	paraescarpia	
OG0000339	paraescarpia	
OG0000339	paraescarpia	
OG0000339	paraescarpia	
OG0000339	paraescarpia	
OG0000339	paraescarpia	
OG0000339	paraescarpia	
OG0000339	paraescarpia	
OG0000339	paraescarpia	
OG0000339	paraescarpia	
OG0000339	paraescarpia	
OG0000339	paraescarpia	
OG0000339	paraescarpia	
OG0000339	paraescarpia	
OG0000339	paraescarpia	
OG0000339	paraescarpia	
OG0000339	paraescarpia	
OG0000339	paraescarpia	
OG0000339	paraescarpia	
OG0000339	paraescarpia	
OG0000339	paraescarpia	
OG0000339	paraescarpia	
OG0000339	paraescarpia	
OG0000339	paraescarpia	
OG0000339	paraescarpia	
OG0000339	paraescarpia	
OG0000339	paraescarpia	
OG0000339	paraescarpia	
OG0000339	paraescarpia	
OG0000339	paraescarpia	
OG0000339	paraescarpia	
OG0000339	paraescarpia	
OG0000339	paraescarpia	
OG0000339	paraescarpia	
OG0000339	paraescarpia	
OG0000339	paraescarpia	
OG0000339	paraescarpia	
OG0000339	paraescarpia	
OG0000339	paraescarpia	
OG0000339	paraescarpia	
OG0000658	paraescarpia	
OG0000658	paraescarpia	
OG0000658	paraescarpia	
OG0000658	paraescarpia	
OG0000658	paraescarpia	
OG0000658	paraescarpia	
OG0000658	paraescarpia	
OG0000658	paraescarpia	
OG0000658	paraescarpia	
OG0000658	paraescarpia	
OG0000658	paraescarpia	
OG0000658	paraescarpia	
OG0000658	paraescarpia	
OG0000658	paraescarpia	
OG0000658	paraescarpia	
OG0000658	paraescarpia	
OG0000658	paraescarpia	
OG0000658	paraescarpia	
OG0000658	paraescarpia	
OG0000658	paraescarpia	
OG0000658	paraescarpia	
OG0000658	paraescarpia	
OG0000658	paraescarpia	
OG0000658	paraescarpia	
OG0000658	paraescarpia	
OG0000658	paraescarpia	
OG0000658	paraescarpia	
OG0000658	paraescarpia	
OG0000658	paraescarpia	
OG0000658	paraescarpia	
OG0000658	paraescarpia	
OG0000658	paraescarpia	
OG0000658	paraescarpia	
OG0000658	paraescarpia	
OG0000658	paraescarpia	
OG0000658	paraescarpia	
OG0000658	paraescarpia	
OG0000658	paraescarpia	
OG0000658	paraescarpia	
OG0000658	paraescarpia	
OG0000658	paraescarpia	
OG0000658	paraescarpia	
OG0000658	paraescarpia	
OG0000658	paraescarpia	
OG0000658	paraescarpia	
OG0000658	paraescarpia	
OG0000658	paraescarpia	
OG0000658	paraescarpia	
OG0000658	paraescarpia	
OG0000658	paraescarpia	
OG0000658	paraescarpia	
OG0000658	paraescarpia	
OG0000658	paraescarpia	
OG0000658	paraescarpia	
OG0000658	paraescarpia	
OG0000658	paraescarpia	
OG0000658	paraescarpia	
OG0000658	paraescarpia	
OG0000658	paraescarpia	
OG0000658	paraescarpia	
OG0000658	paraescarpia	
OG0000658	paraescarpia	
OG0000658	paraescarpia	
OG0000658	paraescarpia	
OG0000658	paraescarpia	
OG0000658	paraescarpia	
OG0000658	paraescarpia	
OG0000658	paraescarpia	
OG0000658	paraescarpia	
OG0000658	paraescarpia	
OG0000658	paraescarpia	
OG0000658	paraescarpia	
OG0000658	paraescarpia	
OG0000658	paraescarpia	
OG0000658	paraescarpia	
OG0000658	paraescarpia	
OG0000658	paraescarpia	
OG0000658	paraescarpia	
OG0000658	paraescarpia	
OG0000658	paraescarpia	
OG0000658	paraescarpia	
OG0000658	paraescarpia	
OG0000658	paraescarpia	
OG0000684	paraescarpia	
OG0000684	paraescarpia	
OG0000684	paraescarpia	
OG0000684	paraescarpia	
OG0000684	paraescarpia	
OG0000684	paraescarpia	
OG0000684	paraescarpia	
OG0000684	paraescarpia	
OG0000684	paraescarpia	
OG0000684	paraescarpia	
OG0000684	paraescarpia	
OG0000684	paraescarpia	
OG0000684	paraescarpia	
OG0000684	paraescarpia	
OG0000684	paraescarpia	
OG0000684	paraescarpia	
OG0000684	paraescarpia	
OG0000684	paraescarpia	
OG0000684	paraescarpia	
OG0000684	paraescarpia	
OG0000684	paraescarpia	
OG0000684	paraescarpia	
OG0000684	paraescarpia	
OG0000684	paraescarpia	
OG0000684	paraescarpia	
OG0000684	paraescarpia	
OG0000684	paraescarpia	
OG0000684	paraescarpia	
OG0000684	paraescarpia	
OG0000684	paraescarpia	
OG0000684	paraescarpia	
OG0000684	paraescarpia	
OG0000684	paraescarpia	
OG0000684	paraescarpia	
OG0000684	paraescarpia	
OG0000684	paraescarpia	
OG0000684	paraescarpia	
OG0000684	paraescarpia	
OG0000684	paraescarpia	
OG0000684	paraescarpia	
OG0000684	paraescarpia	
OG0000684	paraescarpia	
OG0000684	paraescarpia	
OG0000684	paraescarpia	
OG0000684	paraescarpia	
OG0000684	paraescarpia	
OG0000684	paraescarpia	
OG0000684	paraescarpia	
OG0000684	paraescarpia	
OG0000684	paraescarpia	
OG0000684	paraescarpia	
OG0000684	paraescarpia	
OG0000684	paraescarpia	
OG0000684	paraescarpia	
OG0000684	paraescarpia	
OG0000684	paraescarpia	
OG0000684	paraescarpia	
OG0000684	paraescarpia	
OG0000684	paraescarpia	
OG0000684	paraescarpia	
OG0000684	paraescarpia	
OG0000684	paraescarpia	
OG0000684	paraescarpia	
OG0000684	paraescarpia	
OG0000684	paraescarpia	
OG0000684	paraescarpia	
OG0000684	paraescarpia	
OG0000684	paraescarpia	
OG0000684	paraescarpia	
OG0000684	paraescarpia	
OG0000684	paraescarpia	
OG0000684	paraescarpia	
OG0000684	paraescarpia	
OG0000684	paraescarpia	
OG0000684	paraescarpia	
OG0000684	paraescarpia	
OG0000684	paraescarpia	
OG0000684	paraescarpia	
OG0000684	paraescarpia	
OG0000684	paraescarpia	
OG0000684	paraescarpia	
OG0001060	paraescarpia	
OG0001060	paraescarpia	
OG0001060	paraescarpia	
OG0001060	paraescarpia	
OG0001060	paraescarpia	
OG0001060	paraescarpia	
OG0001060	paraescarpia	
OG0001060	paraescarpia	
OG0001060	paraescarpia	
OG0001060	paraescarpia	
OG0001060	paraescarpia	
OG0001060	paraescarpia	
OG0001060	paraescarpia	
OG0001060	paraescarpia	
OG0001060	paraescarpia	
OG0001060	paraescarpia	
OG0001060	paraescarpia	
OG0001060	paraescarpia	
OG0001060	paraescarpia	
OG0001060	paraescarpia	
OG0001060	paraescarpia	
OG0001060	paraescarpia	
OG0001060	paraescarpia	
OG0001060	paraescarpia	
OG0001060	paraescarpia	
OG0001060	paraescarpia	
OG0001060	paraescarpia	
OG0001060	paraescarpia	
OG0001060	paraescarpia	
OG0001060	paraescarpia	
OG0001060	paraescarpia	
OG0001060	paraescarpia	
OG0001060	paraescarpia	
OG0001060	paraescarpia	
OG0001060	paraescarpia	
OG0001060	paraescarpia	
OG0001060	paraescarpia	
OG0001060	paraescarpia	
OG0001060	paraescarpia	
OG0001060	paraescarpia	
OG0001060	paraescarpia	
OG0001060	paraescarpia	
OG0001060	paraescarpia	
OG0001060	paraescarpia	
OG0001060	paraescarpia	
OG0001060	paraescarpia	
OG0001060	paraescarpia	
OG0001060	paraescarpia	
OG0001060	paraescarpia	
OG0001060	paraescarpia	
OG0001060	paraescarpia	
OG0001060	paraescarpia	
OG0001060	paraescarpia	
OG0001060	paraescarpia	
OG0001060	paraescarpia	
OG0001060	paraescarpia	
OG0001060	paraescarpia	
OG0001060	paraescarpia	
OG0001060	paraescarpia	
OG0001060	paraescarpia	
OG0001060	paraescarpia	
OG0001060	paraescarpia	
OG0001060	paraescarpia	
OG0001060	paraescarpia	
OG0001315	paraescarpia	
OG0001315	paraescarpia	
OG0001315	paraescarpia	
OG0001315	paraescarpia	
OG0001315	paraescarpia	
OG0001315	paraescarpia	
OG0001315	paraescarpia	
OG0001315	paraescarpia	
OG0001315	paraescarpia	
OG0001315	paraescarpia	
OG0001315	paraescarpia	
OG0001315	paraescarpia	
OG0001315	paraescarpia	
OG0001315	paraescarpia	
OG0001315	paraescarpia	
OG0001315	paraescarpia	
OG0001315	paraescarpia	
OG0001315	paraescarpia	
OG0001315	paraescarpia	
OG0001315	paraescarpia	
OG0001315	paraescarpia	
OG0001315	paraescarpia	
OG0001315	paraescarpia	
OG0001315	paraescarpia	
OG0001315	paraescarpia	
OG0001315	paraescarpia	
OG0001315	paraescarpia	
OG0001315	paraescarpia	
OG0001315	paraescarpia	
OG0001315	paraescarpia	
OG0001315	paraescarpia	
OG0001315	paraescarpia	
OG0001315	paraescarpia	
OG0001315	paraescarpia	
OG0001315	paraescarpia	
OG0001315	paraescarpia	
OG0001315	paraescarpia	
OG0001315	paraescarpia	
OG0001315	paraescarpia	
OG0001315	paraescarpia	
OG0001315	paraescarpia	
OG0001315	paraescarpia	
OG0001315	paraescarpia	
OG0001315	paraescarpia	
OG0001315	paraescarpia	
OG0001315	paraescarpia	
OG0001315	paraescarpia	
OG0001315	paraescarpia	
OG0001315	paraescarpia	
OG0001315	paraescarpia	
OG0001315	paraescarpia	
OG0001315	paraescarpia	
OG0001315	paraescarpia	
OG0001315	paraescarpia	
OG0001315	paraescarpia	
OG0001315	paraescarpia	
OG0001315	paraescarpia	
OG0001408	paraescarpia	
OG0001408	paraescarpia	
OG0001408	paraescarpia	
OG0001408	paraescarpia	
OG0001408	paraescarpia	
OG0001408	paraescarpia	
OG0001408	paraescarpia	
OG0001408	paraescarpia	
OG0001408	paraescarpia	
OG0001408	paraescarpia	
OG0001408	paraescarpia	
OG0001408	paraescarpia	
OG0001408	paraescarpia	
OG0001408	paraescarpia	
OG0001408	paraescarpia	
OG0001408	paraescarpia	
OG0001408	paraescarpia	
OG0001408	paraescarpia	
OG0001408	paraescarpia	
OG0001408	paraescarpia	
OG0001408	paraescarpia	
OG0001408	paraescarpia	
OG0001408	paraescarpia	
OG0001408	paraescarpia	
OG0001408	paraescarpia	
OG0001408	paraescarpia	
OG0001408	paraescarpia	
OG0001408	paraescarpia	
OG0001408	paraescarpia	
OG0001408	paraescarpia	
OG0001408	paraescarpia	
OG0001408	paraescarpia	
OG0001408	paraescarpia	
OG0001408	paraescarpia	
OG0001408	paraescarpia	
OG0001408	paraescarpia	
OG0001408	paraescarpia	
OG0001408	paraescarpia	
OG0001408	paraescarpia	
OG0001408	paraescarpia	
OG0001408	paraescarpia	
OG0001408	paraescarpia	
OG0001408	paraescarpia	
OG0001408	paraescarpia	
OG0001408	paraescarpia	
OG0001408	paraescarpia	
OG0001408	paraescarpia	
OG0001408	paraescarpia	
OG0001408	paraescarpia	
OG0001408	paraescarpia	
OG0001408	paraescarpia	
OG0001408	paraescarpia	
OG0001408	paraescarpia	
OG0001408	paraescarpia	
OG0001408	paraescarpia	
OG0001520	paraescarpia	
OG0001520	paraescarpia	
OG0001520	paraescarpia	
OG0001520	paraescarpia	
OG0001520	paraescarpia	
OG0001520	paraescarpia	
OG0001520	paraescarpia	
OG0001520	paraescarpia	
OG0001520	paraescarpia	
OG0001520	paraescarpia	
OG0001520	paraescarpia	
OG0001520	paraescarpia	
OG0001520	paraescarpia	
OG0001520	paraescarpia	
OG0001520	paraescarpia	
OG0001520	paraescarpia	
OG0001520	paraescarpia	
OG0001520	paraescarpia	
OG0001520	paraescarpia	
OG0001520	paraescarpia	
OG0001520	paraescarpia	
OG0001520	paraescarpia	
OG0001520	paraescarpia	
OG0001520	paraescarpia	
OG0001520	paraescarpia	
OG0001520	paraescarpia	
OG0001520	paraescarpia	
OG0001520	paraescarpia	
OG0001520	paraescarpia	
OG0001520	paraescarpia	
OG0001520	paraescarpia	
OG0001520	paraescarpia	
OG0001520	paraescarpia	
OG0001520	paraescarpia	
OG0001520	paraescarpia	
OG0001520	paraescarpia	
OG0001520	paraescarpia	
OG0001520	paraescarpia	
OG0001520	paraescarpia	
OG0001520	paraescarpia	
OG0001520	paraescarpia	
OG0001520	paraescarpia	
OG0001520	paraescarpia	
OG0001520	paraescarpia	
OG0001520	paraescarpia	
OG0001520	paraescarpia	
OG0001520	paraescarpia	
OG0001520	paraescarpia	
OG0001520	paraescarpia	
OG0001520	paraescarpia	
OG0001520	paraescarpia	
OG0001520	paraescarpia	
OG0001520	paraescarpia	
OG0003437	paraescarpia	
OG0003437	paraescarpia	
OG0003437	paraescarpia	
OG0003437	paraescarpia	
OG0003437	paraescarpia	
OG0003437	paraescarpia	
OG0003437	paraescarpia	
OG0003437	paraescarpia	
OG0003437	paraescarpia	
OG0003437	paraescarpia	
OG0003437	paraescarpia	
OG0003437	paraescarpia	
OG0003437	paraescarpia	
OG0003437	paraescarpia	
OG0003437	paraescarpia	
OG0003437	paraescarpia	
OG0003437	paraescarpia	
OG0003437	paraescarpia	
OG0003437	paraescarpia	
OG0003437	paraescarpia	
OG0003437	paraescarpia	
OG0003437	paraescarpia	
OG0003437	paraescarpia	
OG0003437	paraescarpia	
OG0003437	paraescarpia	
OG0003437	paraescarpia	
OG0003437	paraescarpia	
OG0003437	paraescarpia	
OG0003437	paraescarpia	
OG0003437	paraescarpia	
OG0003437	paraescarpia	
OG0003437	paraescarpia	
OG0003437	paraescarpia	
OG0003437	paraescarpia	
OG0003437	paraescarpia	
OG0003437	paraescarpia	
OG0003437	paraescarpia	
OG0004090	paraescarpia	
OG0004090	paraescarpia	
OG0004090	paraescarpia	
OG0004090	paraescarpia	
OG0004090	paraescarpia	
OG0004090	paraescarpia	
OG0004090	paraescarpia	
OG0004090	paraescarpia	
OG0004090	paraescarpia	
OG0004090	paraescarpia	
OG0004090	paraescarpia	
OG0004090	paraescarpia	
OG0004090	paraescarpia	
OG0004090	paraescarpia	
OG0004090	paraescarpia	
OG0004090	paraescarpia	
OG0004090	paraescarpia	
OG0004090	paraescarpia	
OG0004090	paraescarpia	
OG0004090	paraescarpia	
OG0004090	paraescarpia	
OG0004090	paraescarpia	
OG0004090	paraescarpia	
OG0004090	paraescarpia	
OG0004090	paraescarpia	
OG0004090	paraescarpia	
OG0004090	paraescarpia	
OG0004090	paraescarpia	
OG0004090	paraescarpia	
OG0004090	paraescarpia	
OG0004090	paraescarpia	
OG0004090	paraescarpia	
OG0004090	paraescarpia	
OG0004090	paraescarpia	
OG0004090	paraescarpia	
OG0004954	paraescarpia	
OG0004954	paraescarpia	
OG0004954	paraescarpia	
OG0004954	paraescarpia	
OG0004954	paraescarpia	
OG0004954	paraescarpia	
OG0004954	paraescarpia	
OG0004954	paraescarpia	
OG0004954	paraescarpia	
OG0004954	paraescarpia	
OG0004954	paraescarpia	
OG0004954	paraescarpia	
OG0004954	paraescarpia	
OG0004954	paraescarpia	
OG0004954	paraescarpia	
OG0004954	paraescarpia	
OG0004954	paraescarpia	
OG0004954	paraescarpia	
OG0004954	paraescarpia	
OG0004954	paraescarpia	
OG0004954	paraescarpia	
OG0004954	paraescarpia	
OG0004954	paraescarpia	
OG0004954	paraescarpia	
OG0004954	paraescarpia	
OG0004954	paraescarpia	
OG0004954	paraescarpia	
OG0004954	paraescarpia	
OG0004954	paraescarpia	
OG0004954	paraescarpia	
OG0004954	paraescarpia	
OG0004954	paraescarpia	
OG0004954	paraescarpia	
OG0005499	paraescarpia	
OG0005499	paraescarpia	
OG0005499	paraescarpia	
OG0005499	paraescarpia	
OG0005499	paraescarpia	
OG0005499	paraescarpia	
OG0005499	paraescarpia	
OG0005499	paraescarpia	
OG0005499	paraescarpia	
OG0005499	paraescarpia	
OG0005499	paraescarpia	
OG0005499	paraescarpia	
OG0005499	paraescarpia	
OG0005499	paraescarpia	
OG0005499	paraescarpia	
OG0005499	paraescarpia	
OG0005499	paraescarpia	
OG0005499	paraescarpia	
OG0005499	paraescarpia	
OG0005499	paraescarpia	
OG0005499	paraescarpia	
OG0005499	paraescarpia	
OG0005499	paraescarpia	
OG0005499	paraescarpia	
OG0005499	paraescarpia	
OG0005499	paraescarpia	
OG0005499	paraescarpia	
OG0005499	paraescarpia	
OG0005499	paraescarpia	
OG0005499	paraescarpia	
OG0005499	paraescarpia	
OG0005499	paraescarpia	
OG0006048	paraescarpia	
OG0006048	paraescarpia	
OG0006048	paraescarpia	
OG0006048	paraescarpia	
OG0006048	paraescarpia	
OG0006048	paraescarpia	
OG0006048	paraescarpia	
OG0006048	paraescarpia	
OG0006048	paraescarpia	
OG0006048	paraescarpia	
OG0006048	paraescarpia	
OG0006048	paraescarpia	
OG0006048	paraescarpia	
OG0006048	paraescarpia	
OG0006048	paraescarpia	
OG0006048	paraescarpia	
OG0006048	paraescarpia	
OG0006048	paraescarpia	
OG0006048	paraescarpia	
OG0006048	paraescarpia	
OG0006048	paraescarpia	
OG0006048	paraescarpia	
OG0006048	paraescarpia	
OG0006048	paraescarpia	
OG0006048	paraescarpia	
OG0006048	paraescarpia	
OG0006048	paraescarpia	
OG0006048	paraescarpia	
OG0006048	paraescarpia	
OG0006048	paraescarpia	
OG0006048	paraescarpia	
OG0006610	paraescarpia	
OG0006610	paraescarpia	
OG0006610	paraescarpia	
OG0006610	paraescarpia	
OG0006610	paraescarpia	
OG0006610	paraescarpia	
OG0006610	paraescarpia	
OG0006610	paraescarpia	
OG0006610	paraescarpia	
OG0006610	paraescarpia	
OG0006610	paraescarpia	
OG0006610	paraescarpia	
OG0006610	paraescarpia	
OG0006610	paraescarpia	
OG0006610	paraescarpia	
OG0006610	paraescarpia	
OG0006610	paraescarpia	
OG0006610	paraescarpia	
OG0006610	paraescarpia	
OG0006610	paraescarpia	
OG0006610	paraescarpia	
OG0006610	paraescarpia	
OG0006610	paraescarpia	
OG0006610	paraescarpia	
OG0006610	paraescarpia	
OG0006610	paraescarpia	
OG0006610	paraescarpia	
OG0006610	paraescarpia	
OG0006610	paraescarpia	
OG0006610	paraescarpia	
OG0006612	paraescarpia	
OG0006612	paraescarpia	
OG0006612	paraescarpia	
OG0006612	paraescarpia	
OG0006612	paraescarpia	
OG0006612	paraescarpia	
OG0006612	paraescarpia	
OG0006612	paraescarpia	
OG0006612	paraescarpia	
OG0006612	paraescarpia	
OG0006612	paraescarpia	
OG0006612	paraescarpia	
OG0006612	paraescarpia	
OG0006612	paraescarpia	
OG0006612	paraescarpia	
OG0006612	paraescarpia	
OG0006612	paraescarpia	
OG0006612	paraescarpia	
OG0006612	paraescarpia	
OG0006612	paraescarpia	
OG0006612	paraescarpia	
OG0006612	paraescarpia	
OG0006612	paraescarpia	
OG0006612	paraescarpia	
OG0006612	paraescarpia	
OG0006612	paraescarpia	
OG0006612	paraescarpia	
OG0006612	paraescarpia	
OG0006612	paraescarpia	
OG0006612	paraescarpia	
OG0007147	paraescarpia	
OG0007147	paraescarpia	
OG0007147	paraescarpia	
OG0007147	paraescarpia	
OG0007147	paraescarpia	
OG0007147	paraescarpia	
OG0007147	paraescarpia	
OG0007147	paraescarpia	
OG0007147	paraescarpia	
OG0007147	paraescarpia	
OG0007147	paraescarpia	
OG0007147	paraescarpia	
OG0007147	paraescarpia	
OG0007147	paraescarpia	
OG0007147	paraescarpia	
OG0007147	paraescarpia	
OG0007147	paraescarpia	
OG0007147	paraescarpia	
OG0007147	paraescarpia	
OG0007147	paraescarpia	
OG0007147	paraescarpia	
OG0007147	paraescarpia	
OG0007147	paraescarpia	
OG0007147	paraescarpia	
OG0007147	paraescarpia	
OG0007147	paraescarpia	
OG0007147	paraescarpia	
OG0007147	paraescarpia	
OG0007147	paraescarpia	
OG0007148	paraescarpia	
OG0007148	paraescarpia	
OG0007148	paraescarpia	
OG0007148	paraescarpia	
OG0007148	paraescarpia	
OG0007148	paraescarpia	
OG0007148	paraescarpia	
OG0007148	paraescarpia	
OG0007148	paraescarpia	
OG0007148	paraescarpia	
OG0007148	paraescarpia	
OG0007148	paraescarpia	
OG0007148	paraescarpia	
OG0007148	paraescarpia	
OG0007148	paraescarpia	
OG0007148	paraescarpia	
OG0007148	paraescarpia	
OG0007148	paraescarpia	
OG0007148	paraescarpia	
OG0007148	paraescarpia	
OG0007148	paraescarpia	
OG0007148	paraescarpia	
OG0007148	paraescarpia	
OG0007148	paraescarpia	
OG0007148	paraescarpia	
OG0007148	paraescarpia	
OG0007148	paraescarpia	
OG0007148	paraescarpia	
OG0007148	paraescarpia	
OG0008039	paraescarpia	
OG0008039	paraescarpia	
OG0008039	paraescarpia	
OG0008039	paraescarpia	
OG0008039	paraescarpia	
OG0008039	paraescarpia	
OG0008039	paraescarpia	
OG0008039	paraescarpia	
OG0008039	paraescarpia	
OG0008039	paraescarpia	
OG0008039	paraescarpia	
OG0008039	paraescarpia	
OG0008039	paraescarpia	
OG0008039	paraescarpia	
OG0008039	paraescarpia	
OG0008039	paraescarpia	
OG0008039	paraescarpia	
OG0008039	paraescarpia	
OG0008039	paraescarpia	
OG0008039	paraescarpia	
OG0008039	paraescarpia	
OG0008039	paraescarpia	
OG0008039	paraescarpia	
OG0008039	paraescarpia	
OG0008039	paraescarpia	
OG0008039	paraescarpia	
OG0008039	paraescarpia	
OG0008433	paraescarpia	
OG0008433	paraescarpia	
OG0008433	paraescarpia	
OG0008433	paraescarpia	
OG0008433	paraescarpia	
OG0008433	paraescarpia	
OG0008433	paraescarpia	
OG0008433	paraescarpia	
OG0008433	paraescarpia	
OG0008433	paraescarpia	
OG0008433	paraescarpia	
OG0008433	paraescarpia	
OG0008433	paraescarpia	
OG0008433	paraescarpia	
OG0008433	paraescarpia	
OG0008433	paraescarpia	
OG0008433	paraescarpia	
OG0008433	paraescarpia	
OG0008433	paraescarpia	
OG0008433	paraescarpia	
OG0008433	paraescarpia	
OG0008433	paraescarpia	
OG0008433	paraescarpia	
OG0008433	paraescarpia	
OG0008433	paraescarpia	
OG0008433	paraescarpia	
OG0009090	paraescarpia	
OG0009090	paraescarpia	
OG0009090	paraescarpia	
OG0009090	paraescarpia	
OG0009090	paraescarpia	
OG0009090	paraescarpia	
OG0009090	paraescarpia	
OG0009090	paraescarpia	
OG0009090	paraescarpia	
OG0009090	paraescarpia	
OG0009090	paraescarpia	
OG0009090	paraescarpia	
OG0009090	paraescarpia	
OG0009090	paraescarpia	
OG0009090	paraescarpia	
OG0009090	paraescarpia	
OG0009090	paraescarpia	
OG0009090	paraescarpia	
OG0009090	paraescarpia	
OG0009090	paraescarpia	
OG0009090	paraescarpia	
OG0009090	paraescarpia	
OG0009090	paraescarpia	
OG0009090	paraescarpia	
OG0009663	paraescarpia	
OG0009663	paraescarpia	
OG0009663	paraescarpia	
OG0009663	paraescarpia	
OG0009663	paraescarpia	
OG0009663	paraescarpia	
OG0009663	paraescarpia	
OG0009663	paraescarpia	
OG0009663	paraescarpia	
OG0009663	paraescarpia	
OG0009663	paraescarpia	
OG0009663	paraescarpia	
OG0009663	paraescarpia	
OG0009663	paraescarpia	
OG0009663	paraescarpia	
OG0009663	paraescarpia	
OG0009663	paraescarpia	
OG0009663	paraescarpia	
OG0009663	paraescarpia	
OG0009663	paraescarpia	
OG0009663	paraescarpia	
OG0009663	paraescarpia	
OG0010272	paraescarpia	
OG0010272	paraescarpia	
OG0010272	paraescarpia	
OG0010272	paraescarpia	
OG0010272	paraescarpia	
OG0010272	paraescarpia	
OG0010272	paraescarpia	
OG0010272	paraescarpia	
OG0010272	paraescarpia	
OG0010272	paraescarpia	
OG0010272	paraescarpia	
OG0010272	paraescarpia	
OG0010272	paraescarpia	
OG0010272	paraescarpia	
OG0010272	paraescarpia	
OG0010272	paraescarpia	
OG0010272	paraescarpia	
OG0010272	paraescarpia	
OG0010272	paraescarpia	
OG0010272	paraescarpia	
OG0010273	paraescarpia	
OG0010273	paraescarpia	
OG0010273	paraescarpia	
OG0010273	paraescarpia	
OG0010273	paraescarpia	
OG0010273	paraescarpia	
OG0010273	paraescarpia	
OG0010273	paraescarpia	
OG0010273	paraescarpia	
OG0010273	paraescarpia	
OG0010273	paraescarpia	
OG0010273	paraescarpia	
OG0010273	paraescarpia	
OG0010273	paraescarpia	
OG0010273	paraescarpia	
OG0010273	paraescarpia	
OG0010273	paraescarpia	
OG0010273	paraescarpia	
OG0010273	paraescarpia	
OG0010273	paraescarpia	
OG0010274	paraescarpia	
OG0010274	paraescarpia	
OG0010274	paraescarpia	
OG0010274	paraescarpia	
OG0010274	paraescarpia	
OG0010274	paraescarpia	
OG0010274	paraescarpia	
OG0010274	paraescarpia	
OG0010274	paraescarpia	
OG0010274	paraescarpia	
OG0010274	paraescarpia	
OG0010274	paraescarpia	
OG0010274	paraescarpia	
OG0010274	paraescarpia	
OG0010274	paraescarpia	
OG0010274	paraescarpia	
OG0010274	paraescarpia	
OG0010274	paraescarpia	
OG0010274	paraescarpia	
OG0010274	paraescarpia	
OG0010275	paraescarpia	
OG0010275	paraescarpia	
OG0010275	paraescarpia	
OG0010275	paraescarpia	
OG0010275	paraescarpia	
OG0010275	paraescarpia	
OG0010275	paraescarpia	
OG0010275	paraescarpia	
OG0010275	paraescarpia	
OG0010275	paraescarpia	
OG0010275	paraescarpia	
OG0010275	paraescarpia	
OG0010275	paraescarpia	
OG0010275	paraescarpia	
OG0010275	paraescarpia	
OG0010275	paraescarpia	
OG0010275	paraescarpia	
OG0010275	paraescarpia	
OG0010275	paraescarpia	
OG0010275	paraescarpia	
OG0010276	paraescarpia	
OG0010276	paraescarpia	
OG0010276	paraescarpia	
OG0010276	paraescarpia	
OG0010276	paraescarpia	
OG0010276	paraescarpia	
OG0010276	paraescarpia	
OG0010276	paraescarpia	
OG0010276	paraescarpia	
OG0010276	paraescarpia	
OG0010276	paraescarpia	
OG0010276	paraescarpia	
OG0010276	paraescarpia	
OG0010276	paraescarpia	
OG0010276	paraescarpia	
OG0010276	paraescarpia	
OG0010276	paraescarpia	
OG0010276	paraescarpia	
OG0010276	paraescarpia	
OG0010276	paraescarpia	
OG0010277	paraescarpia	
OG0010277	paraescarpia	
OG0010277	paraescarpia	
OG0010277	paraescarpia	
OG0010277	paraescarpia	
OG0010277	paraescarpia	
OG0010277	paraescarpia	
OG0010277	paraescarpia	
OG0010277	paraescarpia	
OG0010277	paraescarpia	
OG0010277	paraescarpia	
OG0010277	paraescarpia	
OG0010277	paraescarpia	
OG0010277	paraescarpia	
OG0010277	paraescarpia	
OG0010277	paraescarpia	
OG0010277	paraescarpia	
OG0010277	paraescarpia	
OG0010277	paraescarpia	
OG0010277	paraescarpia	
OG0010278	paraescarpia	
OG0010278	paraescarpia	
OG0010278	paraescarpia	
OG0010278	paraescarpia	
OG0010278	paraescarpia	
OG0010278	paraescarpia	
OG0010278	paraescarpia	
OG0010278	paraescarpia	
OG0010278	paraescarpia	
OG0010278	paraescarpia	
OG0010278	paraescarpia	
OG0010278	paraescarpia	
OG0010278	paraescarpia	
OG0010278	paraescarpia	
OG0010278	paraescarpia	
OG0010278	paraescarpia	
OG0010278	paraescarpia	
OG0010278	paraescarpia	
OG0010278	paraescarpia	
OG0010278	paraescarpia	
OG0010279	paraescarpia	
OG0010279	paraescarpia	
OG0010279	paraescarpia	
OG0010279	paraescarpia	
OG0010279	paraescarpia	
OG0010279	paraescarpia	
OG0010279	paraescarpia	
OG0010279	paraescarpia	
OG0010279	paraescarpia	
OG0010279	paraescarpia	
OG0010279	paraescarpia	
OG0010279	paraescarpia	
OG0010279	paraescarpia	
OG0010279	paraescarpia	
OG0010279	paraescarpia	
OG0010279	paraescarpia	
OG0010279	paraescarpia	
OG0010279	paraescarpia	
OG0010279	paraescarpia	
OG0010279	paraescarpia	
OG0010557	paraescarpia	
OG0010557	paraescarpia	
OG0010557	paraescarpia	
OG0010557	paraescarpia	
OG0010557	paraescarpia	
OG0010557	paraescarpia	
OG0010557	paraescarpia	
OG0010557	paraescarpia	
OG0010557	paraescarpia	
OG0010557	paraescarpia	
OG0010557	paraescarpia	
OG0010557	paraescarpia	
OG0010557	paraescarpia	
OG0010557	paraescarpia	
OG0010557	paraescarpia	
OG0010557	paraescarpia	
OG0010557	paraescarpia	
OG0010557	paraescarpia	
OG0010557	paraescarpia	
OG0010847	paraescarpia	
OG0010847	paraescarpia	
OG0010847	paraescarpia	
OG0010847	paraescarpia	
OG0010847	paraescarpia	
OG0010847	paraescarpia	
OG0010847	paraescarpia	
OG0010847	paraescarpia	
OG0010847	paraescarpia	
OG0010847	paraescarpia	
OG0010847	paraescarpia	
OG0010847	paraescarpia	
OG0010847	paraescarpia	
OG0010847	paraescarpia	
OG0010847	paraescarpia	
OG0010847	paraescarpia	
OG0010847	paraescarpia	
OG0010847	paraescarpia	
OG0010848	paraescarpia	
OG0010848	paraescarpia	
OG0010848	paraescarpia	
OG0010848	paraescarpia	
OG0010848	paraescarpia	
OG0010848	paraescarpia	
OG0010848	paraescarpia	
OG0010848	paraescarpia	
OG0010848	paraescarpia	
OG0010848	paraescarpia	
OG0010848	paraescarpia	
OG0010848	paraescarpia	
OG0010848	paraescarpia	
OG0010848	paraescarpia	
OG0010848	paraescarpia	
OG0010848	paraescarpia	
OG0010848	paraescarpia	
OG0010848	paraescarpia	
OG0010849	paraescarpia	
OG0010849	paraescarpia	
OG0010849	paraescarpia	
OG0010849	paraescarpia	
OG0010849	paraescarpia	
OG0010849	paraescarpia	
OG0010849	paraescarpia	
OG0010849	paraescarpia	
OG0010849	paraescarpia	
OG0010849	paraescarpia	
OG0010849	paraescarpia	
OG0010849	paraescarpia	
OG0010849	paraescarpia	
OG0010849	paraescarpia	
OG0010849	paraescarpia	
OG0010849	paraescarpia	
OG0010849	paraescarpia	
OG0010849	paraescarpia	
OG0010850	paraescarpia	
OG0010850	paraescarpia	
OG0010850	paraescarpia	
OG0010850	paraescarpia	
OG0010850	paraescarpia	
OG0010850	paraescarpia	
OG0010850	paraescarpia	
OG0010850	paraescarpia	
OG0010850	paraescarpia	
OG0010850	paraescarpia	
OG0010850	paraescarpia	
OG0010850	paraescarpia	
OG0010850	paraescarpia	
OG0010850	paraescarpia	
OG0010850	paraescarpia	
OG0010850	paraescarpia	
OG0010850	paraescarpia	
OG0010850	paraescarpia	
OG0010851	paraescarpia	
OG0010851	paraescarpia	
OG0010851	paraescarpia	
OG0010851	paraescarpia	
OG0010851	paraescarpia	
OG0010851	paraescarpia	
OG0010851	paraescarpia	
OG0010851	paraescarpia	
OG0010851	paraescarpia	
OG0010851	paraescarpia	
OG0010851	paraescarpia	
OG0010851	paraescarpia	
OG0010851	paraescarpia	
OG0010851	paraescarpia	
OG0010851	paraescarpia	
OG0010851	paraescarpia	
OG0010851	paraescarpia	
OG0010851	paraescarpia	
OG0010852	paraescarpia	
OG0010852	paraescarpia	
OG0010852	paraescarpia	
OG0010852	paraescarpia	
OG0010852	paraescarpia	
OG0010852	paraescarpia	
OG0010852	paraescarpia	
OG0010852	paraescarpia	
OG0010852	paraescarpia	
OG0010852	paraescarpia	
OG0010852	paraescarpia	
OG0010852	paraescarpia	
OG0010852	paraescarpia	
OG0010852	paraescarpia	
OG0010852	paraescarpia	
OG0010852	paraescarpia	
OG0010852	paraescarpia	
OG0010852	paraescarpia	
OG0011155	paraescarpia	
OG0011155	paraescarpia	
OG0011155	paraescarpia	
OG0011155	paraescarpia	
OG0011155	paraescarpia	
OG0011155	paraescarpia	
OG0011155	paraescarpia	
OG0011155	paraescarpia	
OG0011155	paraescarpia	
OG0011155	paraescarpia	
OG0011155	paraescarpia	
OG0011155	paraescarpia	
OG0011155	paraescarpia	
OG0011155	paraescarpia	
OG0011155	paraescarpia	
OG0011155	paraescarpia	
OG0011155	paraescarpia	
OG0011156	paraescarpia	
OG0011156	paraescarpia	
OG0011156	paraescarpia	
OG0011156	paraescarpia	
OG0011156	paraescarpia	
OG0011156	paraescarpia	
OG0011156	paraescarpia	
OG0011156	paraescarpia	
OG0011156	paraescarpia	
OG0011156	paraescarpia	
OG0011156	paraescarpia	
OG0011156	paraescarpia	
OG0011156	paraescarpia	
OG0011156	paraescarpia	
OG0011156	paraescarpia	
OG0011156	paraescarpia	
OG0011156	paraescarpia	
OG0011157	paraescarpia	
OG0011157	paraescarpia	
OG0011157	paraescarpia	
OG0011157	paraescarpia	
OG0011157	paraescarpia	
OG0011157	paraescarpia	
OG0011157	paraescarpia	
OG0011157	paraescarpia	
OG0011157	paraescarpia	
OG0011157	paraescarpia	
OG0011157	paraescarpia	
OG0011157	paraescarpia	
OG0011157	paraescarpia	
OG0011157	paraescarpia	
OG0011157	paraescarpia	
OG0011157	paraescarpia	
OG0011157	paraescarpia	
OG0011465	paraescarpia	
OG0011465	paraescarpia	
OG0011465	paraescarpia	
OG0011465	paraescarpia	
OG0011465	paraescarpia	
OG0011465	paraescarpia	
OG0011465	paraescarpia	
OG0011465	paraescarpia	
OG0011465	paraescarpia	
OG0011465	paraescarpia	
OG0011465	paraescarpia	
OG0011465	paraescarpia	
OG0011465	paraescarpia	
OG0011465	paraescarpia	
OG0011465	paraescarpia	
OG0011465	paraescarpia	
OG0011466	paraescarpia	
OG0011466	paraescarpia	
OG0011466	paraescarpia	
OG0011466	paraescarpia	
OG0011466	paraescarpia	
OG0011466	paraescarpia	
OG0011466	paraescarpia	
OG0011466	paraescarpia	
OG0011466	paraescarpia	
OG0011466	paraescarpia	
OG0011466	paraescarpia	
OG0011466	paraescarpia	
OG0011466	paraescarpia	
OG0011466	paraescarpia	
OG0011466	paraescarpia	
OG0011466	paraescarpia	
OG0011467	paraescarpia	
OG0011467	paraescarpia	
OG0011467	paraescarpia	
OG0011467	paraescarpia	
OG0011467	paraescarpia	
OG0011467	paraescarpia	
OG0011467	paraescarpia	
OG0011467	paraescarpia	
OG0011467	paraescarpia	
OG0011467	paraescarpia	
OG0011467	paraescarpia	
OG0011467	paraescarpia	
OG0011467	paraescarpia	
OG0011467	paraescarpia	
OG0011467	paraescarpia	
OG0011467	paraescarpia	
OG0011468	paraescarpia	
OG0011468	paraescarpia	
OG0011468	paraescarpia	
OG0011468	paraescarpia	
OG0011468	paraescarpia	
OG0011468	paraescarpia	
OG0011468	paraescarpia	
OG0011468	paraescarpia	
OG0011468	paraescarpia	
OG0011468	paraescarpia	
OG0011468	paraescarpia	
OG0011468	paraescarpia	
OG0011468	paraescarpia	
OG0011468	paraescarpia	
OG0011468	paraescarpia	
OG0011468	paraescarpia	
OG0011794	paraescarpia	
OG0011794	paraescarpia	
OG0011794	paraescarpia	
OG0011794	paraescarpia	
OG0011794	paraescarpia	
OG0011794	paraescarpia	
OG0011794	paraescarpia	
OG0011794	paraescarpia	
OG0011794	paraescarpia	
OG0011794	paraescarpia	
OG0011794	paraescarpia	
OG0011794	paraescarpia	
OG0011794	paraescarpia	
OG0011794	paraescarpia	
OG0011794	paraescarpia	
OG0011795	paraescarpia	
OG0011795	paraescarpia	
OG0011795	paraescarpia	
OG0011795	paraescarpia	
OG0011795	paraescarpia	
OG0011795	paraescarpia	
OG0011795	paraescarpia	
OG0011795	paraescarpia	
OG0011795	paraescarpia	
OG0011795	paraescarpia	
OG0011795	paraescarpia	
OG0011795	paraescarpia	
OG0011795	paraescarpia	
OG0011795	paraescarpia	
OG0011795	paraescarpia	
OG0011796	paraescarpia	
OG0011796	paraescarpia	
OG0011796	paraescarpia	
OG0011796	paraescarpia	
OG0011796	paraescarpia	
OG0011796	paraescarpia	
OG0011796	paraescarpia	
OG0011796	paraescarpia	
OG0011796	paraescarpia	
OG0011796	paraescarpia	
OG0011796	paraescarpia	
OG0011796	paraescarpia	
OG0011796	paraescarpia	
OG0011796	paraescarpia	
OG0011796	paraescarpia	
OG0012175	paraescarpia	
OG0012175	paraescarpia	
OG0012175	paraescarpia	
OG0012175	paraescarpia	
OG0012175	paraescarpia	
OG0012175	paraescarpia	
OG0012175	paraescarpia	
OG0012175	paraescarpia	
OG0012175	paraescarpia	
OG0012175	paraescarpia	
OG0012175	paraescarpia	
OG0012175	paraescarpia	
OG0012175	paraescarpia	
OG0012175	paraescarpia	
OG0012176	paraescarpia	
OG0012176	paraescarpia	
OG0012176	paraescarpia	
OG0012176	paraescarpia	
OG0012176	paraescarpia	
OG0012176	paraescarpia	
OG0012176	paraescarpia	
OG0012176	paraescarpia	
OG0012176	paraescarpia	
OG0012176	paraescarpia	
OG0012176	paraescarpia	
OG0012176	paraescarpia	
OG0012176	paraescarpia	
OG0012176	paraescarpia	
OG0012633	paraescarpia	
OG0012633	paraescarpia	
OG0012633	paraescarpia	
OG0012633	paraescarpia	
OG0012633	paraescarpia	
OG0012633	paraescarpia	
OG0012633	paraescarpia	
OG0012633	paraescarpia	
OG0012633	paraescarpia	
OG0012633	paraescarpia	
OG0012633	paraescarpia	
OG0012633	paraescarpia	
OG0012633	paraescarpia	
OG0012634	paraescarpia	
OG0012634	paraescarpia	
OG0012634	paraescarpia	
OG0012634	paraescarpia	
OG0012634	paraescarpia	
OG0012634	paraescarpia	
OG0012634	paraescarpia	
OG0012634	paraescarpia	
OG0012634	paraescarpia	
OG0012634	paraescarpia	
OG0012634	paraescarpia	
OG0012634	paraescarpia	
OG0012634	paraescarpia	
OG0012635	paraescarpia	
OG0012635	paraescarpia	
OG0012635	paraescarpia	
OG0012635	paraescarpia	
OG0012635	paraescarpia	
OG0012635	paraescarpia	
OG0012635	paraescarpia	
OG0012635	paraescarpia	
OG0012635	paraescarpia	
OG0012635	paraescarpia	
OG0012635	paraescarpia	
OG0012635	paraescarpia	
OG0012635	paraescarpia	
OG0012636	paraescarpia	
OG0012636	paraescarpia	
OG0012636	paraescarpia	
OG0012636	paraescarpia	
OG0012636	paraescarpia	
OG0012636	paraescarpia	
OG0012636	paraescarpia	
OG0012636	paraescarpia	
OG0012636	paraescarpia	
OG0012636	paraescarpia	
OG0012636	paraescarpia	
OG0012636	paraescarpia	
OG0012636	paraescarpia	
OG0012637	paraescarpia	
OG0012637	paraescarpia	
OG0012637	paraescarpia	
OG0012637	paraescarpia	
OG0012637	paraescarpia	
OG0012637	paraescarpia	
OG0012637	paraescarpia	
OG0012637	paraescarpia	
OG0012637	paraescarpia	
OG0012637	paraescarpia	
OG0012637	paraescarpia	
OG0012637	paraescarpia	
OG0012637	paraescarpia	
OG0012638	paraescarpia	
OG0012638	paraescarpia	
OG0012638	paraescarpia	
OG0012638	paraescarpia	
OG0012638	paraescarpia	
OG0012638	paraescarpia	
OG0012638	paraescarpia	
OG0012638	paraescarpia	
OG0012638	paraescarpia	
OG0012638	paraescarpia	
OG0012638	paraescarpia	
OG0012638	paraescarpia	
OG0012638	paraescarpia	
OG0013161	paraescarpia	
OG0013161	paraescarpia	
OG0013161	paraescarpia	
OG0013161	paraescarpia	
OG0013161	paraescarpia	
OG0013161	paraescarpia	
OG0013161	paraescarpia	
OG0013161	paraescarpia	
OG0013161	paraescarpia	
OG0013161	paraescarpia	
OG0013161	paraescarpia	
OG0013161	paraescarpia	
OG0013162	paraescarpia	
OG0013162	paraescarpia	
OG0013162	paraescarpia	
OG0013162	paraescarpia	
OG0013162	paraescarpia	
OG0013162	paraescarpia	
OG0013162	paraescarpia	
OG0013162	paraescarpia	
OG0013162	paraescarpia	
OG0013162	paraescarpia	
OG0013162	paraescarpia	
OG0013162	paraescarpia	
OG0013163	paraescarpia	
OG0013163	paraescarpia	
OG0013163	paraescarpia	
OG0013163	paraescarpia	
OG0013163	paraescarpia	
OG0013163	paraescarpia	
OG0013163	paraescarpia	
OG0013163	paraescarpia	
OG0013163	paraescarpia	
OG0013163	paraescarpia	
OG0013163	paraescarpia	
OG0013163	paraescarpia	
OG0013164	paraescarpia	
OG0013164	paraescarpia	
OG0013164	paraescarpia	
OG0013164	paraescarpia	
OG0013164	paraescarpia	
OG0013164	paraescarpia	
OG0013164	paraescarpia	
OG0013164	paraescarpia	
OG0013164	paraescarpia	
OG0013164	paraescarpia	
OG0013164	paraescarpia	
OG0013164	paraescarpia	
OG0013165	paraescarpia	
OG0013165	paraescarpia	
OG0013165	paraescarpia	
OG0013165	paraescarpia	
OG0013165	paraescarpia	
OG0013165	paraescarpia	
OG0013165	paraescarpia	
OG0013165	paraescarpia	
OG0013165	paraescarpia	
OG0013165	paraescarpia	
OG0013165	paraescarpia	
OG0013165	paraescarpia	
OG0013821	paraescarpia	
OG0013821	paraescarpia	
OG0013821	paraescarpia	
OG0013821	paraescarpia	
OG0013821	paraescarpia	
OG0013821	paraescarpia	
OG0013821	paraescarpia	
OG0013821	paraescarpia	
OG0013821	paraescarpia	
OG0013821	paraescarpia	
OG0013821	paraescarpia	
OG0013822	paraescarpia	
OG0013822	paraescarpia	
OG0013822	paraescarpia	
OG0013822	paraescarpia	
OG0013822	paraescarpia	
OG0013822	paraescarpia	
OG0013822	paraescarpia	
OG0013822	paraescarpia	
OG0013822	paraescarpia	
OG0013822	paraescarpia	
OG0013822	paraescarpia	
OG0013823	paraescarpia	
OG0013823	paraescarpia	
OG0013823	paraescarpia	
OG0013823	paraescarpia	
OG0013823	paraescarpia	
OG0013823	paraescarpia	
OG0013823	paraescarpia	
OG0013823	paraescarpia	
OG0013823	paraescarpia	
OG0013823	paraescarpia	
OG0013823	paraescarpia	
OG0013824	paraescarpia	
OG0013824	paraescarpia	
OG0013824	paraescarpia	
OG0013824	paraescarpia	
OG0013824	paraescarpia	
OG0013824	paraescarpia	
OG0013824	paraescarpia	
OG0013824	paraescarpia	
OG0013824	paraescarpia	
OG0013824	paraescarpia	
OG0013824	paraescarpia	
OG0013825	paraescarpia	
OG0013825	paraescarpia	
OG0013825	paraescarpia	
OG0013825	paraescarpia	
OG0013825	paraescarpia	
OG0013825	paraescarpia	
OG0013825	paraescarpia	
OG0013825	paraescarpia	
OG0013825	paraescarpia	
OG0013825	paraescarpia	
OG0013825	paraescarpia	
OG0014588	paraescarpia	
OG0014588	paraescarpia	
OG0014588	paraescarpia	
OG0014588	paraescarpia	
OG0014588	paraescarpia	
OG0014588	paraescarpia	
OG0014588	paraescarpia	
OG0014588	paraescarpia	
OG0014588	paraescarpia	
OG0014588	paraescarpia	
OG0014589	paraescarpia	
OG0014589	paraescarpia	
OG0014589	paraescarpia	
OG0014589	paraescarpia	
OG0014589	paraescarpia	
OG0014589	paraescarpia	
OG0014589	paraescarpia	
OG0014589	paraescarpia	
OG0014589	paraescarpia	
OG0014589	paraescarpia	
OG0014591	paraescarpia	
OG0014591	paraescarpia	
OG0014591	paraescarpia	
OG0014591	paraescarpia	
OG0014591	paraescarpia	
OG0014591	paraescarpia	
OG0014591	paraescarpia	
OG0014591	paraescarpia	
OG0014591	paraescarpia	
OG0014591	paraescarpia	
OG0014592	paraescarpia	
OG0014592	paraescarpia	
OG0014592	paraescarpia	
OG0014592	paraescarpia	
OG0014592	paraescarpia	
OG0014592	paraescarpia	
OG0014592	paraescarpia	
OG0014592	paraescarpia	
OG0014592	paraescarpia	
OG0014592	paraescarpia	
OG0014594	paraescarpia	
OG0014594	paraescarpia	
OG0014594	paraescarpia	
OG0014594	paraescarpia	
OG0014594	paraescarpia	
OG0014594	paraescarpia	
OG0014594	paraescarpia	
OG0014594	paraescarpia	
OG0014594	paraescarpia	
OG0014594	paraescarpia	
OG0014595	paraescarpia	
OG0014595	paraescarpia	
OG0014595	paraescarpia	
OG0014595	paraescarpia	
OG0014595	paraescarpia	
OG0014595	paraescarpia	
OG0014595	paraescarpia	
OG0014595	paraescarpia	
OG0014595	paraescarpia	
OG0014595	paraescarpia	
OG0015545	paraescarpia	
OG0015545	paraescarpia	
OG0015545	paraescarpia	
OG0015545	paraescarpia	
OG0015545	paraescarpia	
OG0015545	paraescarpia	
OG0015545	paraescarpia	
OG0015545	paraescarpia	
OG0015545	paraescarpia	
OG0015546	paraescarpia	
OG0015546	paraescarpia	
OG0015546	paraescarpia	
OG0015546	paraescarpia	
OG0015546	paraescarpia	
OG0015546	paraescarpia	
OG0015546	paraescarpia	
OG0015546	paraescarpia	
OG0015546	paraescarpia	
OG0015547	paraescarpia	
OG0015547	paraescarpia	
OG0015547	paraescarpia	
OG0015547	paraescarpia	
OG0015547	paraescarpia	
OG0015547	paraescarpia	
OG0015547	paraescarpia	
OG0015547	paraescarpia	
OG0015547	paraescarpia	
OG0015548	paraescarpia	
OG0015548	paraescarpia	
OG0015548	paraescarpia	
OG0015548	paraescarpia	
OG0015548	paraescarpia	
OG0015548	paraescarpia	
OG0015548	paraescarpia	
OG0015548	paraescarpia	
OG0015548	paraescarpia	
OG0015549	paraescarpia	
OG0015549	paraescarpia	
OG0015549	paraescarpia	
OG0015549	paraescarpia	
OG0015549	paraescarpia	
OG0015549	paraescarpia	
OG0015549	paraescarpia	
OG0015549	paraescarpia	
OG0015549	paraescarpia	
OG0015550	paraescarpia	
OG0015550	paraescarpia	
OG0015550	paraescarpia	
OG0015550	paraescarpia	
OG0015550	paraescarpia	
OG0015550	paraescarpia	
OG0015550	paraescarpia	
OG0015550	paraescarpia	
OG0015550	paraescarpia	
OG0015551	paraescarpia	
OG0015551	paraescarpia	
OG0015551	paraescarpia	
OG0015551	paraescarpia	
OG0015551	paraescarpia	
OG0015551	paraescarpia	
OG0015551	paraescarpia	
OG0015551	paraescarpia	
OG0015551	paraescarpia	
OG0015552	paraescarpia	
OG0015552	paraescarpia	
OG0015552	paraescarpia	
OG0015552	paraescarpia	
OG0015552	paraescarpia	
OG0015552	paraescarpia	
OG0015552	paraescarpia	
OG0015552	paraescarpia	
OG0015552	paraescarpia	
OG0015553	paraescarpia	
OG0015553	paraescarpia	
OG0015553	paraescarpia	
OG0015553	paraescarpia	
OG0015553	paraescarpia	
OG0015553	paraescarpia	
OG0015553	paraescarpia	
OG0015553	paraescarpia	
OG0015553	paraescarpia	
OG0015554	paraescarpia	
OG0015554	paraescarpia	
OG0015554	paraescarpia	
OG0015554	paraescarpia	
OG0015554	paraescarpia	
OG0015554	paraescarpia	
OG0015554	paraescarpia	
OG0015554	paraescarpia	
OG0015554	paraescarpia	
OG0015555	paraescarpia	
OG0015555	paraescarpia	
OG0015555	paraescarpia	
OG0015555	paraescarpia	
OG0015555	paraescarpia	
OG0015555	paraescarpia	
OG0015555	paraescarpia	
OG0015555	paraescarpia	
OG0015555	paraescarpia	
OG0015556	paraescarpia	
OG0015556	paraescarpia	
OG0015556	paraescarpia	
OG0015556	paraescarpia	
OG0015556	paraescarpia	
OG0015556	paraescarpia	
OG0015556	paraescarpia	
OG0015556	paraescarpia	
OG0015556	paraescarpia	
OG0016703	paraescarpia	
OG0016703	paraescarpia	
OG0016703	paraescarpia	
OG0016703	paraescarpia	
OG0016703	paraescarpia	
OG0016703	paraescarpia	
OG0016703	paraescarpia	
OG0016703	paraescarpia	
OG0016704	paraescarpia	
OG0016704	paraescarpia	
OG0016704	paraescarpia	
OG0016704	paraescarpia	
OG0016704	paraescarpia	
OG0016704	paraescarpia	
OG0016704	paraescarpia	
OG0016704	paraescarpia	
OG0016705	paraescarpia	
OG0016705	paraescarpia	
OG0016705	paraescarpia	
OG0016705	paraescarpia	
OG0016705	paraescarpia	
OG0016705	paraescarpia	
OG0016705	paraescarpia	
OG0016705	paraescarpia	
OG0016706	paraescarpia	
OG0016706	paraescarpia	
OG0016706	paraescarpia	
OG0016706	paraescarpia	
OG0016706	paraescarpia	
OG0016706	paraescarpia	
OG0016706	paraescarpia	
OG0016706	paraescarpia	
OG0016707	paraescarpia	
OG0016707	paraescarpia	
OG0016707	paraescarpia	
OG0016707	paraescarpia	
OG0016707	paraescarpia	
OG0016707	paraescarpia	
OG0016707	paraescarpia	
OG0016707	paraescarpia	
OG0016708	paraescarpia	
OG0016708	paraescarpia	
OG0016708	paraescarpia	
OG0016708	paraescarpia	
OG0016708	paraescarpia	
OG0016708	paraescarpia	
OG0016708	paraescarpia	
OG0016708	paraescarpia	
OG0016709	paraescarpia	
OG0016709	paraescarpia	
OG0016709	paraescarpia	
OG0016709	paraescarpia	
OG0016709	paraescarpia	
OG0016709	paraescarpia	
OG0016709	paraescarpia	
OG0016709	paraescarpia	
OG0016710	paraescarpia	
OG0016710	paraescarpia	
OG0016710	paraescarpia	
OG0016710	paraescarpia	
OG0016710	paraescarpia	
OG0016710	paraescarpia	
OG0016710	paraescarpia	
OG0016710	paraescarpia	
OG0016711	paraescarpia	
OG0016711	paraescarpia	
OG0016711	paraescarpia	
OG0016711	paraescarpia	
OG0016711	paraescarpia	
OG0016711	paraescarpia	
OG0016711	paraescarpia	
OG0016711	paraescarpia	
OG0016712	paraescarpia	
OG0016712	paraescarpia	
OG0016712	paraescarpia	
OG0016712	paraescarpia	
OG0016712	paraescarpia	
OG0016712	paraescarpia	
OG0016712	paraescarpia	
OG0016712	paraescarpia	
OG0016713	paraescarpia	
OG0016713	paraescarpia	
OG0016713	paraescarpia	
OG0016713	paraescarpia	
OG0016713	paraescarpia	
OG0016713	paraescarpia	
OG0016713	paraescarpia	
OG0016713	paraescarpia	
OG0016714	paraescarpia	
OG0016714	paraescarpia	
OG0016714	paraescarpia	
OG0016714	paraescarpia	
OG0016714	paraescarpia	
OG0016714	paraescarpia	
OG0016714	paraescarpia	
OG0016714	paraescarpia	
OG0016715	paraescarpia	
OG0016715	paraescarpia	
OG0016715	paraescarpia	
OG0016715	paraescarpia	
OG0016715	paraescarpia	
OG0016715	paraescarpia	
OG0016715	paraescarpia	
OG0016715	paraescarpia	
OG0018312	paraescarpia	
OG0018312	paraescarpia	
OG0018312	paraescarpia	
OG0018312	paraescarpia	
OG0018312	paraescarpia	
OG0018312	paraescarpia	
OG0018312	paraescarpia	
OG0018313	paraescarpia	
OG0018313	paraescarpia	
OG0018313	paraescarpia	
OG0018313	paraescarpia	
OG0018313	paraescarpia	
OG0018313	paraescarpia	
OG0018313	paraescarpia	
OG0018314	paraescarpia	
OG0018314	paraescarpia	
OG0018314	paraescarpia	
OG0018314	paraescarpia	
OG0018314	paraescarpia	
OG0018314	paraescarpia	
OG0018314	paraescarpia	
OG0018315	paraescarpia	
OG0018315	paraescarpia	
OG0018315	paraescarpia	
OG0018315	paraescarpia	
OG0018315	paraescarpia	
OG0018315	paraescarpia	
OG0018315	paraescarpia	
OG0018316	paraescarpia	
OG0018316	paraescarpia	
OG0018316	paraescarpia	
OG0018316	paraescarpia	
OG0018316	paraescarpia	
OG0018316	paraescarpia	
OG0018316	paraescarpia	
OG0018317	paraescarpia	
OG0018317	paraescarpia	
OG0018317	paraescarpia	
OG0018317	paraescarpia	
OG0018317	paraescarpia	
OG0018317	paraescarpia	
OG0018317	paraescarpia	
OG0018319	paraescarpia	
OG0018319	paraescarpia	
OG0018319	paraescarpia	
OG0018319	paraescarpia	
OG0018319	paraescarpia	
OG0018319	paraescarpia	
OG0018319	paraescarpia	
OG0018320	paraescarpia	
OG0018320	paraescarpia	
OG0018320	paraescarpia	
OG0018320	paraescarpia	
OG0018320	paraescarpia	
OG0018320	paraescarpia	
OG0018320	paraescarpia	
OG0018321	paraescarpia	
OG0018321	paraescarpia	
OG0018321	paraescarpia	
OG0018321	paraescarpia	
OG0018321	paraescarpia	
OG0018321	paraescarpia	
OG0018321	paraescarpia	
OG0018323	paraescarpia	
OG0018323	paraescarpia	
OG0018323	paraescarpia	
OG0018323	paraescarpia	
OG0018323	paraescarpia	
OG0018323	paraescarpia	
OG0018323	paraescarpia	
OG0018324	paraescarpia	
OG0018324	paraescarpia	
OG0018324	paraescarpia	
OG0018324	paraescarpia	
OG0018324	paraescarpia	
OG0018324	paraescarpia	
OG0018324	paraescarpia	
OG0020545	paraescarpia	
OG0020545	paraescarpia	
OG0020545	paraescarpia	
OG0020545	paraescarpia	
OG0020545	paraescarpia	
OG0020545	paraescarpia	
OG0020546	paraescarpia	
OG0020546	paraescarpia	
OG0020546	paraescarpia	
OG0020546	paraescarpia	
OG0020546	paraescarpia	
OG0020546	paraescarpia	
OG0020547	paraescarpia	
OG0020547	paraescarpia	
OG0020547	paraescarpia	
OG0020547	paraescarpia	
OG0020547	paraescarpia	
OG0020547	paraescarpia	
OG0020548	paraescarpia	
OG0020548	paraescarpia	
OG0020548	paraescarpia	
OG0020548	paraescarpia	
OG0020548	paraescarpia	
OG0020548	paraescarpia	
OG0020549	paraescarpia	
OG0020549	paraescarpia	
OG0020549	paraescarpia	
OG0020549	paraescarpia	
OG0020549	paraescarpia	
OG0020549	paraescarpia	
OG0020550	paraescarpia	
OG0020550	paraescarpia	
OG0020550	paraescarpia	
OG0020550	paraescarpia	
OG0020550	paraescarpia	
OG0020550	paraescarpia	
OG0020551	paraescarpia	
OG0020551	paraescarpia	
OG0020551	paraescarpia	
OG0020551	paraescarpia	
OG0020551	paraescarpia	
OG0020551	paraescarpia	
OG0020552	paraescarpia	
OG0020552	paraescarpia	
OG0020552	paraescarpia	
OG0020552	paraescarpia	
OG0020552	paraescarpia	
OG0020552	paraescarpia	
OG0020553	paraescarpia	
OG0020553	paraescarpia	
OG0020553	paraescarpia	
OG0020553	paraescarpia	
OG0020553	paraescarpia	
OG0020553	paraescarpia	
OG0020554	paraescarpia	
OG0020554	paraescarpia	
OG0020554	paraescarpia	
OG0020554	paraescarpia	
OG0020554	paraescarpia	
OG0020554	paraescarpia	
OG0020555	paraescarpia	
OG0020555	paraescarpia	
OG0020555	paraescarpia	
OG0020555	paraescarpia	
OG0020555	paraescarpia	
OG0020555	paraescarpia	
OG0020556	paraescarpia	
OG0020556	paraescarpia	
OG0020556	paraescarpia	
OG0020556	paraescarpia	
OG0020556	paraescarpia	
OG0020556	paraescarpia	
OG0020557	paraescarpia	
OG0020557	paraescarpia	
OG0020557	paraescarpia	
OG0020557	paraescarpia	
OG0020557	paraescarpia	
OG0020557	paraescarpia	
OG0020558	paraescarpia	
OG0020558	paraescarpia	
OG0020558	paraescarpia	
OG0020558	paraescarpia	
OG0020558	paraescarpia	
OG0020558	paraescarpia	
OG0020559	paraescarpia	
OG0020559	paraescarpia	
OG0020559	paraescarpia	
OG0020559	paraescarpia	
OG0020559	paraescarpia	
OG0020559	paraescarpia	
OG0020560	paraescarpia	
OG0020560	paraescarpia	
OG0020560	paraescarpia	
OG0020560	paraescarpia	
OG0020560	paraescarpia	
OG0020560	paraescarpia	
OG0020563	paraescarpia	
OG0020563	paraescarpia	
OG0020563	paraescarpia	
OG0020563	paraescarpia	
OG0020563	paraescarpia	
OG0020563	paraescarpia	
OG0020564	paraescarpia	
OG0020564	paraescarpia	
OG0020564	paraescarpia	
OG0020564	paraescarpia	
OG0020564	paraescarpia	
OG0020564	paraescarpia	
OG0020565	paraescarpia	
OG0020565	paraescarpia	
OG0020565	paraescarpia	
OG0020565	paraescarpia	
OG0020565	paraescarpia	
OG0020565	paraescarpia	
OG0020566	paraescarpia	
OG0020566	paraescarpia	
OG0020566	paraescarpia	
OG0020566	paraescarpia	
OG0020566	paraescarpia	
OG0020566	paraescarpia	
OG0020567	paraescarpia	
OG0020567	paraescarpia	
OG0020567	paraescarpia	
OG0020567	paraescarpia	
OG0020567	paraescarpia	
OG0020567	paraescarpia	
OG0020568	paraescarpia	
OG0020568	paraescarpia	
OG0020568	paraescarpia	
OG0020568	paraescarpia	
OG0020568	paraescarpia	
OG0020568	paraescarpia	
OG0020569	paraescarpia	
OG0020569	paraescarpia	
OG0020569	paraescarpia	
OG0020569	paraescarpia	
OG0020569	paraescarpia	
OG0020569	paraescarpia	
OG0020570	paraescarpia	
OG0020570	paraescarpia	
OG0020570	paraescarpia	
OG0020570	paraescarpia	
OG0020570	paraescarpia	
OG0020570	paraescarpia	
OG0020573	paraescarpia	
OG0020573	paraescarpia	
OG0020573	paraescarpia	
OG0020573	paraescarpia	
OG0020573	paraescarpia	
OG0020573	paraescarpia	
OG0020574	paraescarpia	
OG0020574	paraescarpia	
OG0020574	paraescarpia	
OG0020574	paraescarpia	
OG0020574	paraescarpia	
OG0020574	paraescarpia	
OG0020575	paraescarpia	
OG0020575	paraescarpia	
OG0020575	paraescarpia	
OG0020575	paraescarpia	
OG0020575	paraescarpia	
OG0020575	paraescarpia	
OG0020576	paraescarpia	
OG0020576	paraescarpia	
OG0020576	paraescarpia	
OG0020576	paraescarpia	
OG0020576	paraescarpia	
OG0020576	paraescarpia	
OG0020577	paraescarpia	
OG0020577	paraescarpia	
OG0020577	paraescarpia	
OG0020577	paraescarpia	
OG0020577	paraescarpia	
OG0020577	paraescarpia	
OG0023739	paraescarpia	
OG0023739	paraescarpia	
OG0023739	paraescarpia	
OG0023739	paraescarpia	
OG0023739	paraescarpia	
OG0023740	paraescarpia	
OG0023740	paraescarpia	
OG0023740	paraescarpia	
OG0023740	paraescarpia	
OG0023740	paraescarpia	
OG0023741	paraescarpia	
OG0023741	paraescarpia	
OG0023741	paraescarpia	
OG0023741	paraescarpia	
OG0023741	paraescarpia	
OG0023742	paraescarpia	
OG0023742	paraescarpia	
OG0023742	paraescarpia	
OG0023742	paraescarpia	
OG0023742	paraescarpia	
OG0023743	paraescarpia	
OG0023743	paraescarpia	
OG0023743	paraescarpia	
OG0023743	paraescarpia	
OG0023743	paraescarpia	
OG0023744	paraescarpia	
OG0023744	paraescarpia	
OG0023744	paraescarpia	
OG0023744	paraescarpia	
OG0023744	paraescarpia	
OG0023745	paraescarpia	
OG0023745	paraescarpia	
OG0023745	paraescarpia	
OG0023745	paraescarpia	
OG0023745	paraescarpia	
OG0023746	paraescarpia	
OG0023746	paraescarpia	
OG0023746	paraescarpia	
OG0023746	paraescarpia	
OG0023746	paraescarpia	
OG0023747	paraescarpia	
OG0023747	paraescarpia	
OG0023747	paraescarpia	
OG0023747	paraescarpia	
OG0023747	paraescarpia	
OG0023748	paraescarpia	
OG0023748	paraescarpia	
OG0023748	paraescarpia	
OG0023748	paraescarpia	
OG0023748	paraescarpia	
OG0023749	paraescarpia	
OG0023749	paraescarpia	
OG0023749	paraescarpia	
OG0023749	paraescarpia	
OG0023749	paraescarpia	
OG0023750	paraescarpia	
OG0023750	paraescarpia	
OG0023750	paraescarpia	
OG0023750	paraescarpia	
OG0023750	paraescarpia	
OG0023751	paraescarpia	
OG0023751	paraescarpia	
OG0023751	paraescarpia	
OG0023751	paraescarpia	
OG0023751	paraescarpia	
OG0023752	paraescarpia	
OG0023752	paraescarpia	
OG0023752	paraescarpia	
OG0023752	paraescarpia	
OG0023752	paraescarpia	
OG0023753	paraescarpia	
OG0023753	paraescarpia	
OG0023753	paraescarpia	
OG0023753	paraescarpia	
OG0023753	paraescarpia	
OG0023754	paraescarpia	
OG0023754	paraescarpia	
OG0023754	paraescarpia	
OG0023754	paraescarpia	
OG0023754	paraescarpia	
OG0023755	paraescarpia	
OG0023755	paraescarpia	
OG0023755	paraescarpia	
OG0023755	paraescarpia	
OG0023755	paraescarpia	
OG0023756	paraescarpia	
OG0023756	paraescarpia	
OG0023756	paraescarpia	
OG0023756	paraescarpia	
OG0023756	paraescarpia	
OG0023757	paraescarpia	
OG0023757	paraescarpia	
OG0023757	paraescarpia	
OG0023757	paraescarpia	
OG0023757	paraescarpia	
OG0023759	paraescarpia	
OG0023759	paraescarpia	
OG0023759	paraescarpia	
OG0023759	paraescarpia	
OG0023759	paraescarpia	
OG0023761	paraescarpia	
OG0023761	paraescarpia	
OG0023761	paraescarpia	
OG0023761	paraescarpia	
OG0023761	paraescarpia	
OG0023762	paraescarpia	
OG0023762	paraescarpia	
OG0023762	paraescarpia	
OG0023762	paraescarpia	
OG0023762	paraescarpia	
OG0023763	paraescarpia	
OG0023763	paraescarpia	
OG0023763	paraescarpia	
OG0023763	paraescarpia	
OG0023763	paraescarpia	
OG0023764	paraescarpia	
OG0023764	paraescarpia	
OG0023764	paraescarpia	
OG0023764	paraescarpia	
OG0023764	paraescarpia	
OG0023765	paraescarpia	
OG0023765	paraescarpia	
OG0023765	paraescarpia	
OG0023765	paraescarpia	
OG0023765	paraescarpia	
OG0023766	paraescarpia	
OG0023766	paraescarpia	
OG0023766	paraescarpia	
OG0023766	paraescarpia	
OG0023766	paraescarpia	
OG0023767	paraescarpia	
OG0023767	paraescarpia	
OG0023767	paraescarpia	
OG0023767	paraescarpia	
OG0023767	paraescarpia	
OG0023768	paraescarpia	
OG0023768	paraescarpia	
OG0023768	paraescarpia	
OG0023768	paraescarpia	
OG0023768	paraescarpia	
OG0023769	paraescarpia	
OG0023769	paraescarpia	
OG0023769	paraescarpia	
OG0023769	paraescarpia	
OG0023769	paraescarpia	
OG0023771	paraescarpia	
OG0023771	paraescarpia	
OG0023771	paraescarpia	
OG0023771	paraescarpia	
OG0023771	paraescarpia	
OG0023772	paraescarpia	
OG0023772	paraescarpia	
OG0023772	paraescarpia	
OG0023772	paraescarpia	
OG0023772	paraescarpia	
OG0023774	paraescarpia	
OG0023774	paraescarpia	
OG0023774	paraescarpia	
OG0023774	paraescarpia	
OG0023774	paraescarpia	
OG0023775	paraescarpia	
OG0023775	paraescarpia	
OG0023775	paraescarpia	
OG0023775	paraescarpia	
OG0023775	paraescarpia	
OG0023776	paraescarpia	
OG0023776	paraescarpia	
OG0023776	paraescarpia	
OG0023776	paraescarpia	
OG0023776	paraescarpia	
OG0023777	paraescarpia	
OG0023777	paraescarpia	
OG0023777	paraescarpia	
OG0023777	paraescarpia	
OG0023777	paraescarpia	
OG0023778	paraescarpia	
OG0023778	paraescarpia	
OG0023778	paraescarpia	
OG0023778	paraescarpia	
OG0023778	paraescarpia	
OG0023780	paraescarpia	
OG0023780	paraescarpia	
OG0023780	paraescarpia	
OG0023780	paraescarpia	
OG0023780	paraescarpia	
OG0023781	paraescarpia	
OG0023781	paraescarpia	
OG0023781	paraescarpia	
OG0023781	paraescarpia	
OG0023781	paraescarpia	
OG0023783	paraescarpia	
OG0023783	paraescarpia	
OG0023783	paraescarpia	
OG0023783	paraescarpia	
OG0023783	paraescarpia	
OG0023784	paraescarpia	
OG0023784	paraescarpia	
OG0023784	paraescarpia	
OG0023784	paraescarpia	
OG0023784	paraescarpia	
OG0023785	paraescarpia	
OG0023785	paraescarpia	
OG0023785	paraescarpia	
OG0023785	paraescarpia	
OG0023785	paraescarpia	
OG0028540	paraescarpia	
OG0028540	paraescarpia	
OG0028540	paraescarpia	
OG0028540	paraescarpia	
OG0028541	paraescarpia	
OG0028541	paraescarpia	
OG0028541	paraescarpia	
OG0028541	paraescarpia	
OG0028542	paraescarpia	
OG0028542	paraescarpia	
OG0028542	paraescarpia	
OG0028542	paraescarpia	
OG0028544	paraescarpia	
OG0028544	paraescarpia	
OG0028544	paraescarpia	
OG0028544	paraescarpia	
OG0028545	paraescarpia	
OG0028545	paraescarpia	
OG0028545	paraescarpia	
OG0028545	paraescarpia	
OG0028546	paraescarpia	
OG0028546	paraescarpia	
OG0028546	paraescarpia	
OG0028546	paraescarpia	
OG0028547	paraescarpia	
OG0028547	paraescarpia	
OG0028547	paraescarpia	
OG0028547	paraescarpia	
OG0028548	paraescarpia	
OG0028548	paraescarpia	
OG0028548	paraescarpia	
OG0028548	paraescarpia	
OG0028549	paraescarpia	
OG0028549	paraescarpia	
OG0028549	paraescarpia	
OG0028549	paraescarpia	
OG0028550	paraescarpia	
OG0028550	paraescarpia	
OG0028550	paraescarpia	
OG0028550	paraescarpia	
OG0028551	paraescarpia	
OG0028551	paraescarpia	
OG0028551	paraescarpia	
OG0028551	paraescarpia	
OG0028552	paraescarpia	
OG0028552	paraescarpia	
OG0028552	paraescarpia	
OG0028552	paraescarpia	
OG0028553	paraescarpia	
OG0028553	paraescarpia	
OG0028553	paraescarpia	
OG0028553	paraescarpia	
OG0028554	paraescarpia	
OG0028554	paraescarpia	
OG0028554	paraescarpia	
OG0028554	paraescarpia	
OG0028555	paraescarpia	
OG0028555	paraescarpia	
OG0028555	paraescarpia	
OG0028555	paraescarpia	
OG0028556	paraescarpia	
OG0028556	paraescarpia	
OG0028556	paraescarpia	
OG0028556	paraescarpia	
OG0028557	paraescarpia	
OG0028557	paraescarpia	
OG0028557	paraescarpia	
OG0028557	paraescarpia	
OG0028558	paraescarpia	
OG0028558	paraescarpia	
OG0028558	paraescarpia	
OG0028558	paraescarpia	
OG0028559	paraescarpia	
OG0028559	paraescarpia	
OG0028559	paraescarpia	
OG0028559	paraescarpia	
OG0028560	paraescarpia	
OG0028560	paraescarpia	
OG0028560	paraescarpia	
OG0028560	paraescarpia	
OG0028561	paraescarpia	
OG0028561	paraescarpia	
OG0028561	paraescarpia	
OG0028561	paraescarpia	
OG0028562	paraescarpia	
OG0028562	paraescarpia	
OG0028562	paraescarpia	
OG0028562	paraescarpia	
OG0028563	paraescarpia	
OG0028563	paraescarpia	
OG0028563	paraescarpia	
OG0028563	paraescarpia	
OG0028564	paraescarpia	
OG0028564	paraescarpia	
OG0028564	paraescarpia	
OG0028564	paraescarpia	
OG0028565	paraescarpia	
OG0028565	paraescarpia	
OG0028565	paraescarpia	
OG0028565	paraescarpia	
OG0028566	paraescarpia	
OG0028566	paraescarpia	
OG0028566	paraescarpia	
OG0028566	paraescarpia	
OG0028567	paraescarpia	
OG0028567	paraescarpia	
OG0028567	paraescarpia	
OG0028567	paraescarpia	
OG0028568	paraescarpia	
OG0028568	paraescarpia	
OG0028568	paraescarpia	
OG0028568	paraescarpia	
OG0028569	paraescarpia	
OG0028569	paraescarpia	
OG0028569	paraescarpia	
OG0028569	paraescarpia	
OG0028570	paraescarpia	
OG0028570	paraescarpia	
OG0028570	paraescarpia	
OG0028570	paraescarpia	
OG0028571	paraescarpia	
OG0028571	paraescarpia	
OG0028571	paraescarpia	
OG0028571	paraescarpia	
OG0028572	paraescarpia	
OG0028572	paraescarpia	
OG0028572	paraescarpia	
OG0028572	paraescarpia	
OG0028573	paraescarpia	
OG0028573	paraescarpia	
OG0028573	paraescarpia	
OG0028573	paraescarpia	
OG0028574	paraescarpia	
OG0028574	paraescarpia	
OG0028574	paraescarpia	
OG0028574	paraescarpia	
OG0028575	paraescarpia	
OG0028575	paraescarpia	
OG0028575	paraescarpia	
OG0028575	paraescarpia	
OG0028576	paraescarpia	
OG0028576	paraescarpia	
OG0028576	paraescarpia	
OG0028576	paraescarpia	
OG0028577	paraescarpia	
OG0028577	paraescarpia	
OG0028577	paraescarpia	
OG0028577	paraescarpia	
OG0028578	paraescarpia	
OG0028578	paraescarpia	
OG0028578	paraescarpia	
OG0028578	paraescarpia	
OG0028579	paraescarpia	
OG0028579	paraescarpia	
OG0028579	paraescarpia	
OG0028579	paraescarpia	
OG0028581	paraescarpia	
OG0028581	paraescarpia	
OG0028581	paraescarpia	
OG0028581	paraescarpia	
OG0028582	paraescarpia	
OG0028582	paraescarpia	
OG0028582	paraescarpia	
OG0028582	paraescarpia	
OG0028583	paraescarpia	
OG0028583	paraescarpia	
OG0028583	paraescarpia	
OG0028583	paraescarpia	
OG0028584	paraescarpia	
OG0028584	paraescarpia	
OG0028584	paraescarpia	
OG0028584	paraescarpia	
OG0028585	paraescarpia	
OG0028585	paraescarpia	
OG0028585	paraescarpia	
OG0028585	paraescarpia	
OG0028587	paraescarpia	
OG0028587	paraescarpia	
OG0028587	paraescarpia	
OG0028587	paraescarpia	
OG0028588	paraescarpia	
OG0028588	paraescarpia	
OG0028588	paraescarpia	
OG0028588	paraescarpia	
OG0028590	paraescarpia	
OG0028590	paraescarpia	
OG0028590	paraescarpia	
OG0028590	paraescarpia	
OG0028591	paraescarpia	
OG0028591	paraescarpia	
OG0028591	paraescarpia	
OG0028591	paraescarpia	
OG0028592	paraescarpia	
OG0028592	paraescarpia	
OG0028592	paraescarpia	
OG0028592	paraescarpia	
OG0028593	paraescarpia	
OG0028593	paraescarpia	
OG0028593	paraescarpia	
OG0028593	paraescarpia	
OG0028594	paraescarpia	
OG0028594	paraescarpia	
OG0028594	paraescarpia	
OG0028594	paraescarpia	
OG0028596	paraescarpia	
OG0028596	paraescarpia	
OG0028596	paraescarpia	
OG0028596	paraescarpia	
OG0028598	paraescarpia	
OG0028598	paraescarpia	
OG0028598	paraescarpia	
OG0028598	paraescarpia	
OG0028599	paraescarpia	
OG0028599	paraescarpia	
OG0028599	paraescarpia	
OG0028599	paraescarpia	
OG0028600	paraescarpia	
OG0028600	paraescarpia	
OG0028600	paraescarpia	
OG0028600	paraescarpia	
OG0028601	paraescarpia	
OG0028601	paraescarpia	
OG0028601	paraescarpia	
OG0028601	paraescarpia	
OG0028602	paraescarpia	
OG0028602	paraescarpia	
OG0028602	paraescarpia	
OG0028602	paraescarpia	
OG0028603	paraescarpia	
OG0028603	paraescarpia	
OG0028603	paraescarpia	
OG0028603	paraescarpia	
OG0028604	paraescarpia	
OG0028604	paraescarpia	
OG0028604	paraescarpia	
OG0028604	paraescarpia	
OG0028605	paraescarpia	
OG0028605	paraescarpia	
OG0028605	paraescarpia	
OG0028605	paraescarpia	
OG0028606	paraescarpia	
OG0028606	paraescarpia	
OG0028606	paraescarpia	
OG0028606	paraescarpia	
OG0028607	paraescarpia	
OG0028607	paraescarpia	
OG0028607	paraescarpia	
OG0028607	paraescarpia	
OG0036337	paraescarpia	
OG0036337	paraescarpia	
OG0036337	paraescarpia	
OG0036338	paraescarpia	
OG0036338	paraescarpia	
OG0036338	paraescarpia	
OG0036339	paraescarpia	
OG0036339	paraescarpia	
OG0036339	paraescarpia	
OG0036340	paraescarpia	
OG0036340	paraescarpia	
OG0036340	paraescarpia	
OG0036343	paraescarpia	
OG0036343	paraescarpia	
OG0036343	paraescarpia	
OG0036344	paraescarpia	
OG0036344	paraescarpia	
OG0036344	paraescarpia	
OG0036345	paraescarpia	
OG0036345	paraescarpia	
OG0036345	paraescarpia	
OG0036346	paraescarpia	
OG0036346	paraescarpia	
OG0036346	paraescarpia	
OG0036347	paraescarpia	
OG0036347	paraescarpia	
OG0036347	paraescarpia	
OG0036348	paraescarpia	
OG0036348	paraescarpia	
OG0036348	paraescarpia	
OG0036349	paraescarpia	
OG0036349	paraescarpia	
OG0036349	paraescarpia	
OG0036350	paraescarpia	
OG0036350	paraescarpia	
OG0036350	paraescarpia	
OG0036351	paraescarpia	
OG0036351	paraescarpia	
OG0036351	paraescarpia	
OG0036353	paraescarpia	
OG0036353	paraescarpia	
OG0036353	paraescarpia	
OG0036354	paraescarpia	
OG0036354	paraescarpia	
OG0036354	paraescarpia	
OG0036355	paraescarpia	
OG0036355	paraescarpia	
OG0036355	paraescarpia	
OG0036356	paraescarpia	
OG0036356	paraescarpia	
OG0036356	paraescarpia	
OG0036357	paraescarpia	
OG0036357	paraescarpia	
OG0036357	paraescarpia	
OG0036358	paraescarpia	
OG0036358	paraescarpia	
OG0036358	paraescarpia	
OG0036360	paraescarpia	
OG0036360	paraescarpia	
OG0036360	paraescarpia	
OG0036361	paraescarpia	
OG0036361	paraescarpia	
OG0036361	paraescarpia	
OG0036362	paraescarpia	
OG0036362	paraescarpia	
OG0036362	paraescarpia	
OG0036363	paraescarpia	
OG0036363	paraescarpia	
OG0036363	paraescarpia	
OG0036364	paraescarpia	
OG0036364	paraescarpia	
OG0036364	paraescarpia	
OG0036365	paraescarpia	
OG0036365	paraescarpia	
OG0036365	paraescarpia	
OG0036366	paraescarpia	
OG0036366	paraescarpia	
OG0036366	paraescarpia	
OG0036367	paraescarpia	
OG0036367	paraescarpia	
OG0036367	paraescarpia	
OG0036368	paraescarpia	
OG0036368	paraescarpia	
OG0036368	paraescarpia	
OG0036369	paraescarpia	
OG0036369	paraescarpia	
OG0036369	paraescarpia	
OG0036370	paraescarpia	
OG0036370	paraescarpia	
OG0036370	paraescarpia	
OG0036371	paraescarpia	
OG0036371	paraescarpia	
OG0036371	paraescarpia	
OG0036372	paraescarpia	
OG0036372	paraescarpia	
OG0036372	paraescarpia	
OG0036373	paraescarpia	
OG0036373	paraescarpia	
OG0036373	paraescarpia	
OG0036374	paraescarpia	
OG0036374	paraescarpia	
OG0036374	paraescarpia	
OG0036375	paraescarpia	
OG0036375	paraescarpia	
OG0036375	paraescarpia	
OG0036376	paraescarpia	
OG0036376	paraescarpia	
OG0036376	paraescarpia	
OG0036377	paraescarpia	
OG0036377	paraescarpia	
OG0036377	paraescarpia	
OG0036378	paraescarpia	
OG0036378	paraescarpia	
OG0036378	paraescarpia	
OG0036380	paraescarpia	
OG0036380	paraescarpia	
OG0036380	paraescarpia	
OG0036381	paraescarpia	
OG0036381	paraescarpia	
OG0036381	paraescarpia	
OG0036382	paraescarpia	
OG0036382	paraescarpia	
OG0036382	paraescarpia	
OG0036383	paraescarpia	
OG0036383	paraescarpia	
OG0036383	paraescarpia	
OG0036384	paraescarpia	
OG0036384	paraescarpia	
OG0036384	paraescarpia	
OG0036385	paraescarpia	
OG0036385	paraescarpia	
OG0036385	paraescarpia	
OG0036386	paraescarpia	
OG0036386	paraescarpia	
OG0036386	paraescarpia	
OG0036387	paraescarpia	
OG0036387	paraescarpia	
OG0036387	paraescarpia	
OG0036389	paraescarpia	
OG0036389	paraescarpia	
OG0036389	paraescarpia	
OG0036391	paraescarpia	
OG0036391	paraescarpia	
OG0036391	paraescarpia	
OG0036392	paraescarpia	
OG0036392	paraescarpia	
OG0036392	paraescarpia	
OG0036393	paraescarpia	
OG0036393	paraescarpia	
OG0036393	paraescarpia	
OG0036394	paraescarpia	
OG0036394	paraescarpia	
OG0036394	paraescarpia	
OG0036395	paraescarpia	
OG0036395	paraescarpia	
OG0036395	paraescarpia	
OG0036396	paraescarpia	
OG0036396	paraescarpia	
OG0036396	paraescarpia	
OG0036398	paraescarpia	
OG0036398	paraescarpia	
OG0036398	paraescarpia	
OG0036400	paraescarpia	
OG0036400	paraescarpia	
OG0036400	paraescarpia	
OG0036401	paraescarpia	
OG0036401	paraescarpia	
OG0036401	paraescarpia	
OG0036402	paraescarpia	
OG0036402	paraescarpia	
OG0036402	paraescarpia	
OG0036403	paraescarpia	
OG0036403	paraescarpia	
OG0036403	paraescarpia	
OG0036405	paraescarpia	
OG0036405	paraescarpia	
OG0036405	paraescarpia	
OG0036406	paraescarpia	
OG0036406	paraescarpia	
OG0036406	paraescarpia	
OG0036407	paraescarpia	
OG0036407	paraescarpia	
OG0036407	paraescarpia	
OG0036408	paraescarpia	
OG0036408	paraescarpia	
OG0036408	paraescarpia	
OG0036409	paraescarpia	
OG0036409	paraescarpia	
OG0036409	paraescarpia	
OG0036410	paraescarpia	
OG0036410	paraescarpia	
OG0036410	paraescarpia	
OG0036411	paraescarpia	
OG0036411	paraescarpia	
OG0036411	paraescarpia	
OG0036412	paraescarpia	
OG0036412	paraescarpia	
OG0036412	paraescarpia	
OG0036413	paraescarpia	
OG0036413	paraescarpia	
OG0036413	paraescarpia	
OG0036415	paraescarpia	
OG0036415	paraescarpia	
OG0036415	paraescarpia	
OG0036416	paraescarpia	
OG0036416	paraescarpia	
OG0036416	paraescarpia	
OG0036417	paraescarpia	
OG0036417	paraescarpia	
OG0036417	paraescarpia	
OG0036418	paraescarpia	
OG0036418	paraescarpia	
OG0036418	paraescarpia	
OG0036419	paraescarpia	
OG0036419	paraescarpia	
OG0036419	paraescarpia	
OG0036420	paraescarpia	
OG0036420	paraescarpia	
OG0036420	paraescarpia	
OG0036421	paraescarpia	
OG0036421	paraescarpia	
OG0036421	paraescarpia	
OG0036422	paraescarpia	
OG0036422	paraescarpia	
OG0036422	paraescarpia	
OG0036423	paraescarpia	
OG0036423	paraescarpia	
OG0036423	paraescarpia	
OG0036424	paraescarpia	
OG0036424	paraescarpia	
OG0036424	paraescarpia	
OG0036425	paraescarpia	
OG0036425	paraescarpia	
OG0036425	paraescarpia	
OG0036426	paraescarpia	
OG0036426	paraescarpia	
OG0036426	paraescarpia	
OG0036427	paraescarpia	
OG0036427	paraescarpia	
OG0036427	paraescarpia	
OG0036429	paraescarpia	
OG0036429	paraescarpia	
OG0036429	paraescarpia	
OG0036430	paraescarpia	
OG0036430	paraescarpia	
OG0036430	paraescarpia	
OG0036431	paraescarpia	
OG0036431	paraescarpia	
OG0036431	paraescarpia	
OG0036432	paraescarpia	
OG0036432	paraescarpia	
OG0036432	paraescarpia	
OG0036433	paraescarpia	
OG0036433	paraescarpia	
OG0036433	paraescarpia	
OG0036435	paraescarpia	
OG0036435	paraescarpia	
OG0036435	paraescarpia	
OG0036437	paraescarpia	
OG0036437	paraescarpia	
OG0036437	paraescarpia	
OG0036438	paraescarpia	
OG0036438	paraescarpia	
OG0036438	paraescarpia	
OG0036439	paraescarpia	
OG0036439	paraescarpia	
OG0036439	paraescarpia	
OG0036440	paraescarpia	
OG0036440	paraescarpia	
OG0036440	paraescarpia	
OG0036441	paraescarpia	
OG0036441	paraescarpia	
OG0036441	paraescarpia	
OG0036442	paraescarpia	
OG0036442	paraescarpia	
OG0036442	paraescarpia	
OG0036443	paraescarpia	
OG0036443	paraescarpia	
OG0036443	paraescarpia	
OG0036444	paraescarpia	
OG0036444	paraescarpia	
OG0036444	paraescarpia	
OG0036445	paraescarpia	
OG0036445	paraescarpia	
OG0036445	paraescarpia	
OG0036446	paraescarpia	
OG0036446	paraescarpia	
OG0036446	paraescarpia	
OG0036447	paraescarpia	
OG0036447	paraescarpia	
OG0036447	paraescarpia	
OG0036448	paraescarpia	
OG0036448	paraescarpia	
OG0036448	paraescarpia	
OG0036449	paraescarpia	
OG0036449	paraescarpia	
OG0036449	paraescarpia	
OG0036450	paraescarpia	
OG0036450	paraescarpia	
OG0036450	paraescarpia	
OG0036451	paraescarpia	
OG0036451	paraescarpia	
OG0036451	paraescarpia	
OG0036452	paraescarpia	
OG0036452	paraescarpia	
OG0036452	paraescarpia	
OG0036453	paraescarpia	
OG0036453	paraescarpia	
OG0036453	paraescarpia	
OG0036454	paraescarpia	
OG0036454	paraescarpia	
OG0036454	paraescarpia	
OG0036455	paraescarpia	
OG0036455	paraescarpia	
OG0036455	paraescarpia	
OG0036456	paraescarpia	
OG0036456	paraescarpia	
OG0036456	paraescarpia	
OG0036457	paraescarpia	
OG0036457	paraescarpia	
OG0036457	paraescarpia	
OG0036458	paraescarpia	
OG0036458	paraescarpia	
OG0036458	paraescarpia	
OG0036459	paraescarpia	
OG0036459	paraescarpia	
OG0036459	paraescarpia	
OG0036460	paraescarpia	
OG0036460	paraescarpia	
OG0036460	paraescarpia	
OG0036461	paraescarpia	
OG0036461	paraescarpia	
OG0036461	paraescarpia	
OG0036462	paraescarpia	
OG0036462	paraescarpia	
OG0036462	paraescarpia	
OG0036463	paraescarpia	
OG0036463	paraescarpia	
OG0036463	paraescarpia	
OG0051482	paraescarpia	
OG0051482	paraescarpia	
OG0051483	paraescarpia	
OG0051483	paraescarpia	
OG0051485	paraescarpia	
OG0051485	paraescarpia	
OG0051487	paraescarpia	
OG0051487	paraescarpia	
OG0051488	paraescarpia	
OG0051488	paraescarpia	
OG0051489	paraescarpia	
OG0051489	paraescarpia	
OG0051490	paraescarpia	
OG0051490	paraescarpia	
OG0051491	paraescarpia	
OG0051491	paraescarpia	
OG0051492	paraescarpia	
OG0051492	paraescarpia	
OG0051493	paraescarpia	
OG0051493	paraescarpia	
OG0051494	paraescarpia	
OG0051494	paraescarpia	
OG0051495	paraescarpia	
OG0051495	paraescarpia	
OG0051496	paraescarpia	
OG0051496	paraescarpia	
OG0051497	paraescarpia	
OG0051497	paraescarpia	
OG0051498	paraescarpia	
OG0051498	paraescarpia	
OG0051499	paraescarpia	
OG0051499	paraescarpia	
OG0051500	paraescarpia	
OG0051500	paraescarpia	
OG0051501	paraescarpia	
OG0051501	paraescarpia	
OG0051502	paraescarpia	
OG0051502	paraescarpia	
OG0051503	paraescarpia	
OG0051503	paraescarpia	
OG0051504	paraescarpia	
OG0051504	paraescarpia	
OG0051505	paraescarpia	
OG0051505	paraescarpia	
OG0051506	paraescarpia	
OG0051506	paraescarpia	
OG0051507	paraescarpia	
OG0051507	paraescarpia	
OG0051508	paraescarpia	
OG0051508	paraescarpia	
OG0051509	paraescarpia	
OG0051509	paraescarpia	
OG0051510	paraescarpia	
OG0051510	paraescarpia	
OG0051511	paraescarpia	
OG0051511	paraescarpia	
OG0051512	paraescarpia	
OG0051512	paraescarpia	
OG0051513	paraescarpia	
OG0051513	paraescarpia	
OG0051514	paraescarpia	
OG0051514	paraescarpia	
OG0051516	paraescarpia	
OG0051516	paraescarpia	
OG0051517	paraescarpia	
OG0051517	paraescarpia	
OG0051519	paraescarpia	
OG0051519	paraescarpia	
OG0051520	paraescarpia	
OG0051520	paraescarpia	
OG0051522	paraescarpia	
OG0051522	paraescarpia	
OG0051523	paraescarpia	
OG0051523	paraescarpia	
OG0051524	paraescarpia	
OG0051524	paraescarpia	
OG0051525	paraescarpia	
OG0051525	paraescarpia	
OG0051526	paraescarpia	
OG0051526	paraescarpia	
OG0051527	paraescarpia	
OG0051527	paraescarpia	
OG0051528	paraescarpia	
OG0051528	paraescarpia	
OG0051529	paraescarpia	
OG0051529	paraescarpia	
OG0051530	paraescarpia	
OG0051530	paraescarpia	
OG0051531	paraescarpia	
OG0051531	paraescarpia	
OG0051532	paraescarpia	
OG0051532	paraescarpia	
OG0051533	paraescarpia	
OG0051533	paraescarpia	
OG0051534	paraescarpia	
OG0051534	paraescarpia	
OG0051535	paraescarpia	
OG0051535	paraescarpia	
OG0051537	paraescarpia	
OG0051537	paraescarpia	
OG0051539	paraescarpia	
OG0051539	paraescarpia	
OG0051540	paraescarpia	
OG0051540	paraescarpia	
OG0051541	paraescarpia	
OG0051541	paraescarpia	
OG0051542	paraescarpia	
OG0051542	paraescarpia	
OG0051543	paraescarpia	
OG0051543	paraescarpia	
OG0051544	paraescarpia	
OG0051544	paraescarpia	
OG0051545	paraescarpia	
OG0051545	paraescarpia	
OG0051546	paraescarpia	
OG0051546	paraescarpia	
OG0051547	paraescarpia	
OG0051547	paraescarpia	
OG0051548	paraescarpia	
OG0051548	paraescarpia	
OG0051549	paraescarpia	
OG0051549	paraescarpia	
OG0051550	paraescarpia	
OG0051550	paraescarpia	
OG0051551	paraescarpia	
OG0051551	paraescarpia	
OG0051552	paraescarpia	
OG0051552	paraescarpia	
OG0051553	paraescarpia	
OG0051553	paraescarpia	
OG0051554	paraescarpia	
OG0051554	paraescarpia	
OG0051555	paraescarpia	
OG0051555	paraescarpia	
OG0051556	paraescarpia	
OG0051556	paraescarpia	
OG0051557	paraescarpia	
OG0051557	paraescarpia	
OG0051558	paraescarpia	
OG0051558	paraescarpia	
OG0051559	paraescarpia	
OG0051559	paraescarpia	
OG0051560	paraescarpia	
OG0051560	paraescarpia	
OG0051561	paraescarpia	
OG0051561	paraescarpia	
OG0051562	paraescarpia	
OG0051562	paraescarpia	
OG0051563	paraescarpia	
OG0051563	paraescarpia	
OG0051564	paraescarpia	
OG0051564	paraescarpia	
OG0051565	paraescarpia	
OG0051565	paraescarpia	
OG0051566	paraescarpia	
OG0051566	paraescarpia	
OG0051567	paraescarpia	
OG0051567	paraescarpia	
OG0051568	paraescarpia	
OG0051568	paraescarpia	
OG0051569	paraescarpia	
OG0051569	paraescarpia	
OG0051570	paraescarpia	
OG0051570	paraescarpia	
OG0051571	paraescarpia	
OG0051571	paraescarpia	
OG0051572	paraescarpia	
OG0051572	paraescarpia	
OG0051573	paraescarpia	
OG0051573	paraescarpia	
OG0051575	paraescarpia	
OG0051575	paraescarpia	
OG0051577	paraescarpia	
OG0051577	paraescarpia	
OG0051578	paraescarpia	
OG0051578	paraescarpia	
OG0051579	paraescarpia	
OG0051579	paraescarpia	
OG0051580	paraescarpia	
OG0051580	paraescarpia	
OG0051581	paraescarpia	
OG0051581	paraescarpia	
OG0051582	paraescarpia	
OG0051582	paraescarpia	
OG0051583	paraescarpia	
OG0051583	paraescarpia	
OG0051584	paraescarpia	
OG0051584	paraescarpia	
OG0051585	paraescarpia	
OG0051585	paraescarpia	
OG0051586	paraescarpia	
OG0051586	paraescarpia	
OG0051587	paraescarpia	
OG0051587	paraescarpia	
OG0051588	paraescarpia	
OG0051588	paraescarpia	
OG0051589	paraescarpia	
OG0051589	paraescarpia	
OG0051590	paraescarpia	
OG0051590	paraescarpia	
OG0051591	paraescarpia	
OG0051591	paraescarpia	
OG0051592	paraescarpia	
OG0051592	paraescarpia	
OG0051593	paraescarpia	
OG0051593	paraescarpia	
OG0051594	paraescarpia	
OG0051594	paraescarpia	
OG0051595	paraescarpia	
OG0051595	paraescarpia	
OG0051596	paraescarpia	
OG0051596	paraescarpia	
OG0051597	paraescarpia	
OG0051597	paraescarpia	
OG0051598	paraescarpia	
OG0051598	paraescarpia	
OG0051599	paraescarpia	
OG0051599	paraescarpia	
OG0051600	paraescarpia	
OG0051600	paraescarpia	
OG0051603	paraescarpia	
OG0051603	paraescarpia	
OG0051604	paraescarpia	
OG0051604	paraescarpia	
OG0051605	paraescarpia	
OG0051605	paraescarpia	
OG0051606	paraescarpia	
OG0051606	paraescarpia	
OG0051607	paraescarpia	
OG0051607	paraescarpia	
OG0051608	paraescarpia	
OG0051608	paraescarpia	
OG0051609	paraescarpia	
OG0051609	paraescarpia	
OG0051610	paraescarpia	
OG0051610	paraescarpia	
OG0051611	paraescarpia	
OG0051611	paraescarpia	
OG0051612	paraescarpia	
OG0051612	paraescarpia	
OG0051613	paraescarpia	
OG0051613	paraescarpia	
OG0051614	paraescarpia	
OG0051614	paraescarpia	
OG0051615	paraescarpia	
OG0051615	paraescarpia	
OG0051617	paraescarpia	
OG0051617	paraescarpia	
OG0051619	paraescarpia	
OG0051619	paraescarpia	
OG0051620	paraescarpia	
OG0051620	paraescarpia	
OG0051622	paraescarpia	
OG0051622	paraescarpia	
OG0051623	paraescarpia	
OG0051623	paraescarpia	
OG0051624	paraescarpia	
OG0051624	paraescarpia	
OG0051625	paraescarpia	
OG0051625	paraescarpia	
OG0051626	paraescarpia	
OG0051626	paraescarpia	
OG0051627	paraescarpia	
OG0051627	paraescarpia	
OG0051628	paraescarpia	
OG0051628	paraescarpia	
OG0051629	paraescarpia	
OG0051629	paraescarpia	
OG0051630	paraescarpia	
OG0051630	paraescarpia	
OG0051631	paraescarpia	
OG0051631	paraescarpia	
OG0051632	paraescarpia	
OG0051632	paraescarpia	
OG0051633	paraescarpia	
OG0051633	paraescarpia	
OG0051634	paraescarpia	
OG0051634	paraescarpia	
OG0051635	paraescarpia	
OG0051635	paraescarpia	
OG0051636	paraescarpia	
OG0051636	paraescarpia	
OG0051637	paraescarpia	
OG0051637	paraescarpia	
OG0051638	paraescarpia	
OG0051638	paraescarpia	
OG0051640	paraescarpia	
OG0051640	paraescarpia	
OG0051642	paraescarpia	
OG0051642	paraescarpia	
OG0051643	paraescarpia	
OG0051643	paraescarpia	
OG0051644	paraescarpia	
OG0051644	paraescarpia	
OG0051645	paraescarpia	
OG0051645	paraescarpia	
OG0051646	paraescarpia	
OG0051646	paraescarpia	
OG0051647	paraescarpia	
OG0051647	paraescarpia	
OG0051648	paraescarpia	
OG0051648	paraescarpia	
OG0051649	paraescarpia	
OG0051649	paraescarpia	
OG0051650	paraescarpia	
OG0051650	paraescarpia	
OG0051651	paraescarpia	
OG0051651	paraescarpia	
OG0051652	paraescarpia	
OG0051652	paraescarpia	
OG0051653	paraescarpia	
OG0051653	paraescarpia	
OG0051655	paraescarpia	
OG0051655	paraescarpia	
OG0051656	paraescarpia	
OG0051656	paraescarpia	
OG0051657	paraescarpia	
OG0051657	paraescarpia	
OG0051658	paraescarpia	
OG0051658	paraescarpia	
OG0051659	paraescarpia	
OG0051659	paraescarpia	
OG0051660	paraescarpia	
OG0051660	paraescarpia	
OG0051661	paraescarpia	
OG0051661	paraescarpia	
OG0051662	paraescarpia	
OG0051662	paraescarpia	
OG0051663	paraescarpia	
OG0051663	paraescarpia	
OG0051664	paraescarpia	
OG0051664	paraescarpia	
OG0051665	paraescarpia	
OG0051665	paraescarpia	
OG0051666	paraescarpia	
OG0051666	paraescarpia	
OG0051667	paraescarpia	
OG0051667	paraescarpia	
OG0051668	paraescarpia	
OG0051668	paraescarpia	
OG0051670	paraescarpia	
OG0051670	paraescarpia	
OG0051672	paraescarpia	
OG0051672	paraescarpia	
OG0051673	paraescarpia	
OG0051673	paraescarpia	
OG0051674	paraescarpia	
OG0051674	paraescarpia	
OG0051676	paraescarpia	
OG0051676	paraescarpia	
OG0051677	paraescarpia	
OG0051677	paraescarpia	
OG0051678	paraescarpia	
OG0051678	paraescarpia	
OG0051679	paraescarpia	
OG0051679	paraescarpia	
OG0051680	paraescarpia	
OG0051680	paraescarpia	
OG0051681	paraescarpia	
OG0051681	paraescarpia	
OG0051682	paraescarpia	
OG0051682	paraescarpia	
OG0051683	paraescarpia	
OG0051683	paraescarpia	
OG0051684	paraescarpia	
OG0051684	paraescarpia	
OG0051685	paraescarpia	
OG0051685	paraescarpia	
OG0051686	paraescarpia	
OG0051686	paraescarpia	
OG0051687	paraescarpia	
OG0051687	paraescarpia	
OG0051688	paraescarpia	
OG0051688	paraescarpia	
OG0051690	paraescarpia	
OG0051690	paraescarpia	
OG0051692	paraescarpia	
OG0051692	paraescarpia	
OG0051693	paraescarpia	
OG0051693	paraescarpia	
OG0051694	paraescarpia	
OG0051694	paraescarpia	
OG0051695	paraescarpia	
OG0051695	paraescarpia	
OG0051697	paraescarpia	
OG0051697	paraescarpia	
OG0051698	paraescarpia	
OG0051698	paraescarpia	
OG0051699	paraescarpia	
OG0051699	paraescarpia	
OG0051701	paraescarpia	
OG0051701	paraescarpia	
OG0051702	paraescarpia	
OG0051702	paraescarpia	
OG0051703	paraescarpia	
OG0051703	paraescarpia	
OG0051705	paraescarpia	
OG0051705	paraescarpia	
OG0051706	paraescarpia	
OG0051706	paraescarpia	
OG0051707	paraescarpia	
OG0051707	paraescarpia	
OG0051709	paraescarpia	
OG0051709	paraescarpia	
OG0051710	paraescarpia	
OG0051710	paraescarpia	
OG0051712	paraescarpia	
OG0051712	paraescarpia	
OG0051713	paraescarpia	
OG0051713	paraescarpia	
OG0051714	paraescarpia	
OG0051714	paraescarpia	
OG0051715	paraescarpia	
OG0051715	paraescarpia	
OG0051716	paraescarpia	
OG0051716	paraescarpia	
OG0051717	paraescarpia	
OG0051717	paraescarpia	
OG0051718	paraescarpia	
OG0051718	paraescarpia	
OG0051719	paraescarpia	
OG0051719	paraescarpia	
OG0051720	paraescarpia	
OG0051720	paraescarpia	
OG0051722	paraescarpia	
OG0051722	paraescarpia	
OG0051723	paraescarpia	
OG0051723	paraescarpia	
OG0051724	paraescarpia	
OG0051724	paraescarpia	
OG0051725	paraescarpia	
OG0051725	paraescarpia	
OG0051726	paraescarpia	
OG0051726	paraescarpia	
OG0051727	paraescarpia	
OG0051727	paraescarpia	
OG0051728	paraescarpia	
OG0051728	paraescarpia	
OG0051729	paraescarpia	
OG0051729	paraescarpia	
OG0051730	paraescarpia	
OG0051730	paraescarpia	
OG0051731	paraescarpia	
OG0051731	paraescarpia	
OG0051733	paraescarpia	
OG0051733	paraescarpia	
OG0051734	paraescarpia	
OG0051734	paraescarpia	
OG0051736	paraescarpia	
OG0051736	paraescarpia	
OG0051737	paraescarpia	
OG0051737	paraescarpia	
OG0051738	paraescarpia	
OG0051738	paraescarpia	
OG0051739	paraescarpia	
OG0051739	paraescarpia	
OG0051741	paraescarpia	
OG0051741	paraescarpia	
OG0051742	paraescarpia	
OG0051742	paraescarpia	
OG0051743	paraescarpia	
OG0051743	paraescarpia	
OG0051744	paraescarpia	
OG0051744	paraescarpia	
OG0051745	paraescarpia	
OG0051745	paraescarpia	
OG0051746	paraescarpia	
OG0051746	paraescarpia	
OG0051747	paraescarpia	
OG0051747	paraescarpia	
OG0051748	paraescarpia	
OG0051748	paraescarpia	
OG0051749	paraescarpia	
OG0051749	paraescarpia	
OG0051751	paraescarpia	
OG0051751	paraescarpia	
OG0051752	paraescarpia	
OG0051752	paraescarpia	
OG0051753	paraescarpia	
OG0051753	paraescarpia	
OG0051755	paraescarpia	
OG0051755	paraescarpia	
OG0051757	paraescarpia	
OG0051757	paraescarpia	
OG0051758	paraescarpia	
OG0051758	paraescarpia	
OG0051759	paraescarpia	
OG0051759	paraescarpia	
OG0051760	paraescarpia	
OG0051760	paraescarpia	
OG0051762	paraescarpia	
OG0051762	paraescarpia	
OG0051763	paraescarpia	
OG0051763	paraescarpia	
OG0051764	paraescarpia	
OG0051764	paraescarpia	
OG0051765	paraescarpia	
OG0051765	paraescarpia	
OG0051766	paraescarpia	
OG0051766	paraescarpia	
OG0051767	paraescarpia	
OG0051767	paraescarpia	
OG0051768	paraescarpia	
OG0051768	paraescarpia	
OG0051770	paraescarpia	
OG0051770	paraescarpia	
OG0051771	paraescarpia	
OG0051771	paraescarpia	
OG0051773	paraescarpia	
OG0051773	paraescarpia	
OG0051774	paraescarpia	
OG0051774	paraescarpia	
OG0051775	paraescarpia	
OG0051775	paraescarpia	
OG0051776	paraescarpia	
OG0051776	paraescarpia	
OG0051777	paraescarpia	
OG0051777	paraescarpia	
OG0051778	paraescarpia	
OG0051778	paraescarpia	
OG0051779	paraescarpia	
OG0051779	paraescarpia	
OG0051780	paraescarpia	
OG0051780	paraescarpia	
OG0051781	paraescarpia	
OG0051781	paraescarpia	
OG0051782	paraescarpia	
OG0051782	paraescarpia	
OG0051783	paraescarpia	
OG0051783	paraescarpia	
OG0051784	paraescarpia	
OG0051784	paraescarpia	
OG0051785	paraescarpia	
OG0051785	paraescarpia	
OG0051786	paraescarpia	
OG0051786	paraescarpia	
OG0051787	paraescarpia	
OG0051787	paraescarpia	
OG0051788	paraescarpia	
OG0051788	paraescarpia	
OG0051789	paraescarpia	
OG0051789	paraescarpia	
OG0051790	paraescarpia	
OG0051790	paraescarpia	
OG0051791	paraescarpia	
OG0051791	paraescarpia	
OG0051792	paraescarpia	
OG0051792	paraescarpia	
OG0051793	paraescarpia	
OG0051793	paraescarpia	
OG0051794	paraescarpia	
OG0051794	paraescarpia	
OG0051795	paraescarpia	
OG0051795	paraescarpia	
OG0051796	paraescarpia	
OG0051796	paraescarpia	
OG0051799	paraescarpia	
OG0051799	paraescarpia	
OG0051800	paraescarpia	
OG0051800	paraescarpia	
OG0051801	paraescarpia	
OG0051801	paraescarpia	
OG0051802	paraescarpia	
OG0051802	paraescarpia	
OG0051803	paraescarpia	
OG0051803	paraescarpia	
OG0051804	paraescarpia	
OG0051804	paraescarpia	
OG0051805	paraescarpia	
OG0051805	paraescarpia	
OG0051806	paraescarpia	
OG0051806	paraescarpia	
OG0051807	paraescarpia	
OG0051807	paraescarpia	
OG0051809	paraescarpia	
OG0051809	paraescarpia	
OG0051810	paraescarpia	
OG0051810	paraescarpia	
OG0051811	paraescarpia	
OG0051811	paraescarpia	
OG0051812	paraescarpia	
OG0051812	paraescarpia	
OG0051813	paraescarpia	
OG0051813	paraescarpia	
OG0051814	paraescarpia	
OG0051814	paraescarpia	
OG0051815	paraescarpia	
OG0051815	paraescarpia	
OG0051816	paraescarpia	
OG0051816	paraescarpia	
OG0051817	paraescarpia	
OG0051817	paraescarpia	
OG0051818	paraescarpia	
OG0051818	paraescarpia	
OG0051819	paraescarpia	
OG0051819	paraescarpia	
OG0051820	paraescarpia	
OG0051820	paraescarpia	
OG0051821	paraescarpia	
OG0051821	paraescarpia	
OG0051822	paraescarpia	
OG0051822	paraescarpia	
OG0051823	paraescarpia	
OG0051823	paraescarpia	
OG0051824	paraescarpia	
OG0051824	paraescarpia	
OG0051825	paraescarpia	
OG0051825	paraescarpia	
OG0051826	paraescarpia	
OG0051826	paraescarpia	
OG0051827	paraescarpia	
OG0051827	paraescarpia	
OG0051828	paraescarpia	
OG0051828	paraescarpia	
OG0051829	paraescarpia	
OG0051829	paraescarpia	
OG0051830	paraescarpia	
OG0051830	paraescarpia	
OG0051831	paraescarpia	
OG0051831	paraescarpia	
OG0051832	paraescarpia	
OG0051832	paraescarpia	
OG0051833	paraescarpia	
OG0051833	paraescarpia	
OG0051834	paraescarpia	
OG0051834	paraescarpia	
OG0051835	paraescarpia	
OG0051835	paraescarpia	
OG0051836	paraescarpia	
OG0051836	paraescarpia	
OG0051837	paraescarpia	
OG0051837	paraescarpia	
OG0051838	paraescarpia	
OG0051838	paraescarpia	
OG0051839	paraescarpia	
OG0051839	paraescarpia	
OG0051840	paraescarpia	
OG0051840	paraescarpia	
OG0051841	paraescarpia	
OG0051841	paraescarpia	
OG0051842	paraescarpia	
OG0051842	paraescarpia	
OG0051843	paraescarpia	
OG0051843	paraescarpia	
OG0051844	paraescarpia	
OG0051844	paraescarpia	
OG0051845	paraescarpia	
OG0051845	paraescarpia	
OG0051846	paraescarpia	
OG0051846	paraescarpia	
