OG0000207	Blan|BL07397_evm0			Ctel|CapteT101231, Ctel|CapteT101293, Ctel|CapteT101946, Ctel|CapteT103627, Ctel|CapteT103978, Ctel|CapteT104519, Ctel|CapteT105049, Ctel|CapteT105107, Ctel|CapteT105762, Ctel|CapteT106244, Ctel|CapteT106365, Ctel|CapteT110271, Ctel|CapteT110519, Ctel|CapteT110621, Ctel|CapteT111659, Ctel|CapteT115045, Ctel|CapteT116194, Ctel|CapteT116986, Ctel|CapteT119690, Ctel|CapteT119714, Ctel|CapteT120168, Ctel|CapteT120272, Ctel|CapteT120430, Ctel|CapteT120806, Ctel|CapteT121302, Ctel|CapteT124196, Ctel|CapteT125307, Ctel|CapteT130076, Ctel|CapteT130853, Ctel|CapteT131535, Ctel|CapteT132423, Ctel|CapteT132731, Ctel|CapteT134985, Ctel|CapteT135854, Ctel|CapteT136065, Ctel|CapteT136176, Ctel|CapteT137498, Ctel|CapteT137514, Ctel|CapteT137808, Ctel|CapteT140661, Ctel|CapteT141439, Ctel|CapteT141587, Ctel|CapteT142568, Ctel|CapteT145040, Ctel|CapteT146149, Ctel|CapteT146504, Ctel|CapteT151100, Ctel|CapteT174903, Ctel|CapteT177411, Ctel|CapteT182588, Ctel|CapteT185121, Ctel|CapteT185332, Ctel|CapteT185686, Ctel|CapteT186627, Ctel|CapteT187418, Ctel|CapteT188787, Ctel|CapteT188904, Ctel|CapteT188963, Ctel|CapteT189559, Ctel|CapteT189617, Ctel|CapteT192304, Ctel|CapteT193275, Ctel|CapteT194386, Ctel|CapteT196552, Ctel|CapteT197724, Ctel|CapteT198492, Ctel|CapteT199608, Ctel|CapteT199969, Ctel|CapteT200473, Ctel|CapteT202390, Ctel|CapteT203209, Ctel|CapteT203932, Ctel|CapteT204662, Ctel|CapteT204925, Ctel|CapteT207104, Ctel|CapteT207764, Ctel|CapteT207839, Ctel|CapteT208232, Ctel|CapteT209152, Ctel|CapteT211281, Ctel|CapteT211658, Ctel|CapteT212216, Ctel|CapteT212495, Ctel|CapteT213425, Ctel|CapteT214573, Ctel|CapteT214730, Ctel|CapteT216344, Ctel|CapteT217135, Ctel|CapteT218689, Ctel|CapteT220459, Ctel|CapteT23415, Ctel|CapteT24807, Ctel|CapteT33935, Ctel|CapteT34910, Ctel|CapteT34919, Ctel|CapteT35088, Ctel|CapteT36636, Ctel|CapteT37234, Ctel|CapteT37270, Ctel|CapteT37306, Ctel|CapteT37827, Ctel|CapteT38749, Ctel|CapteT39120, Ctel|CapteT39764, Ctel|CapteT40445, Ctel|CapteT41768, Ctel|CapteT43597, Ctel|CapteT44497, Ctel|CapteT46608, Ctel|CapteT46913, Ctel|CapteT48075, Ctel|CapteT48309, Ctel|CapteT48390, Ctel|CapteT49432, Ctel|CapteT53735, Ctel|CapteT54206, Ctel|CapteT62981, Ctel|CapteT63500, Ctel|CapteT63624, Ctel|CapteT63636, Ctel|CapteT63864, Ctel|CapteT63949, Ctel|CapteT66668, Ctel|CapteT69112, Ctel|CapteT69128, Ctel|CapteT73011, Ctel|CapteT73018, Ctel|CapteT73060, Ctel|CapteT73105, Ctel|CapteT73209, Ctel|CapteT73742, Ctel|CapteT73812, Ctel|CapteT74802, Ctel|CapteT76787, Ctel|CapteT79203, Ctel|CapteT80755, Ctel|CapteT81037, Ctel|CapteT81064, Ctel|CapteT81260, Ctel|CapteT81337, Ctel|CapteT82105, Ctel|CapteT83392, Ctel|CapteT89053, Ctel|CapteT89672, Ctel|CapteT89870, Ctel|CapteT89939, Ctel|CapteT90441, Ctel|CapteT90447, Ctel|CapteT92281, Ctel|CapteT93881, Ctel|CapteT93906, Ctel|CapteT93988, Ctel|CapteT95259, Ctel|CapteT96470, Ctel|CapteT97200, Ctel|CapteT97326, Ctel|CapteT99318															Ofra|OFRAG00000004254.1									
OG0000450				Ctel|CapteT185184, Ctel|CapteT202282, Ctel|CapteT59240				Hmia|HMIM003273-RA, Hmia|HMIM008048-RA, Hmia|HMIM008245-RA, Hmia|HMIM016883-RA, Hmia|HMIM017563-RA, Hmia|HMIM017700-RA, Hmia|HMIM020757-RA	Hrob|HelroT145658, Hrob|HelroT151766, Hrob|HelroT170432, Hrob|HelroT174488, Hrob|HelroT180370, Hrob|HelroT180372, Hrob|HelroT184734, Hrob|HelroT70374, Hrob|HelroT81147, Hrob|HelroT93087					Locu|ENSLOCT00000000156, Locu|ENSLOCT00000000172, Locu|ENSLOCT00000000232, Locu|ENSLOCT00000000321, Locu|ENSLOCT00000000551, Locu|ENSLOCT00000000674, Locu|ENSLOCT00000002888, Locu|ENSLOCT00000003721, Locu|ENSLOCT00000017203		Ngen|g10291.t1, Ngen|g123.t1, Ngen|g13302.t1, Ngen|g13435.t1, Ngen|g15761.t1, Ngen|g17643.t1, Ngen|g18427.t1, Ngen|g19513.t1, Ngen|g1972.t1, Ngen|g20172.t1, Ngen|g20521.t1, Ngen|g21306.t1, Ngen|g22101.t1, Ngen|g22102.t1, Ngen|g23441.t1, Ngen|g24086.t1, Ngen|g25260.t1, Ngen|g26453.t1, Ngen|g27670.t1, Ngen|g27671.t1, Ngen|g27672.t1, Ngen|g27674.t1, Ngen|g28242.t1, Ngen|g28243.t1, Ngen|g28442.t1, Ngen|g29803.t1, Ngen|g30061.t1, Ngen|g30182.t1, Ngen|g30853.t1, Ngen|g31816.t1, Ngen|g35853.t1, Ngen|g35854.t1, Ngen|g36294.t1, Ngen|g3713.t1, Ngen|g3714.t1, Ngen|g37482.t1, Ngen|g38269.t1, Ngen|g38706.t1, Ngen|g38709.t1, Ngen|g39437.t1, Ngen|g41525.t1, Ngen|g41973.t1, Ngen|g42167.t1, Ngen|g42292.t1, Ngen|g42404.t1, Ngen|g42781.t1, Ngen|g42896.t1, Ngen|g4705.t1, Ngen|g4801.t1, Ngen|g5234.t1, Ngen|g6084.t1, Ngen|g6423.t1, Ngen|g6896.t1, Ngen|g7736.t1, Ngen|g9767.t1, Ngen|g9768.t1	Nvec|EDO39647		Ofra|OFRAG00000009273.1, Ofra|OFRAG00000016263.1		Paus|g4071.t1				Smar|SMAR001450-RA, Smar|SMAR001462-RA	Smed|SMEST046800001.1, Smed|SMEST046805001.1, Smed|SMEST057712001.1, Smed|SMEST074474001.1	Spur|SPU_024558-tr	Tcas|TC001589_001, Tcas|TC003933_001, Tcas|TC003934_001, Tcas|TC004078_001, Tcas|TC005254_001, Tcas|TC010106_001, Tcas|TC016134_001, Tcas|TC033924_001, Tcas|TC034949_001
OG0001138	Blan|BL20149_cuf7, Blan|BL21021_evm0, Blan|BL95981_evm1, Blan|BL95982_evm0	Bpla|12795_Bpl_scaf_49821-5.39-mRNA-1, Bpla|12795_Bpl_scaf_49821-5.40-mRNA-1, Bpla|12795_Bpl_scaf_49821-5.43-mRNA-1	Cgig|EKC29842, Cgig|EKC29844	Ctel|CapteT188190, Ctel|CapteT195141, Ctel|CapteT196741, Ctel|CapteT199536, Ctel|CapteT217584, Ctel|CapteT224461, Ctel|CapteT72500, Ctel|CapteT72501	Dgyr|DgyrT10029, Dgyr|DgyrT10030, Dgyr|DgyrT10032, Dgyr|DgyrT10033, Dgyr|DgyrT16637, Dgyr|DgyrT16830, Dgyr|DgyrT16994, Dgyr|DgyrT16995, Dgyr|DgyrT17271, Dgyr|DgyrT17388, Dgyr|DgyrT3650, Dgyr|DgyrT3671, Dgyr|DgyrT3679, Dgyr|DgyrT3680	Eand|evm.model.Chr08.593, Eand|evm.model.ctg3222.1	Gaeg|ctg8-13.4-1, Gaeg|ctg8-13.5-1	Hmia|HMIM004881-RA, Hmia|HMIM006770-RA, Hmia|HMIM015915-RA, Hmia|HMIM019991-RA	Hrob|HelroT195024			Lgig|LotgiT102305, Lgig|LotgiT142474, Lgig|LotgiT142504, Lgig|LotgiT157899			Myes|XM_021484712.1, Myes|XM_021512884.1, Myes|XM_021512895.1, Myes|XM_021517742.1, Myes|XM_021517806.1, Myes|XM_021517809.1				Ofra|OFRAG00000011078.1	Ofus|OFUSG16103.1				Skow|PAC_23915934, Skow|PAC_23927988, Skow|PAC_23927996, Skow|PAC_23941312, Skow|PAC_23941998, Skow|PAC_23951272		Smed|SMEST064407001.1	Spur|SPU_022707-tr, Spur|SPU_022708-tr	
OG0001256	Blan|BL04565_evm3, Blan|BL08088_evm3, Blan|BL17394_cuf0, Blan|BL21592_evm6	Bpla|17843_Bpl_scaf_36595-2.15-mRNA-1	Cgig|EKC21390, Cgig|EKC22306	Ctel|CapteT187913, Ctel|CapteT219681		Eand|evm.model.Chr01.167, Eand|evm.model.Chr01.3388, Eand|evm.model.Chr02.1104, Eand|evm.model.Chr02.3163, Eand|evm.model.Chr03.2154, Eand|evm.model.Chr10.257	Gaeg|ctg268-5.11-1		Hrob|HelroT159741, Hrob|HelroT189512	Hsap|ENST00000296327	Lana|g2433.t1, Lana|g2434.t1	Lgig|LotgiT228076		Locu|ENSLOCT00000002053, Locu|ENSLOCT00000017713	Myes|XM_021521355.1, Myes|XM_021522442.1	Ngen|g14554.t1, Ngen|g14555.t1, Ngen|g23536.t1, Ngen|g25736.t1, Ngen|g26587.t1, Ngen|g33887.t1, Ngen|g33889.t1, Ngen|g37639.t1, Ngen|g37640.t1, Ngen|g42919.t1			Ofra|OFRAG00000010631.1	Ofus|OFUSG12004.1	Paus|g4267.t1, Paus|g9162.t1			Skow|PAC_23923208, Skow|PAC_23923214, Skow|PAC_23923222, Skow|PAC_23923234, Skow|PAC_23923238, Skow|PAC_23927701, Skow|PAC_23941629, Skow|PAC_23941633, Skow|PAC_23941641, Skow|PAC_23941649, Skow|PAC_23941676, Skow|PAC_23941698			Spur|SPU_000725-tr, Spur|SPU_002601-tr, Spur|SPU_012561-tr, Spur|SPU_012562-tr, Spur|SPU_019774-tr	Tcas|TC007767_001
OG0001286	Blan|BL00671_cuf3, Blan|BL00672_evm0, Blan|BL00673_evm0, Blan|BL00948_evm0, Blan|BL01501_cuf2, Blan|BL01970_cuf2, Blan|BL03770_cuf2, Blan|BL04722_evm0, Blan|BL05016_evm0, Blan|BL06083_evm0, Blan|BL07008_evm0, Blan|BL08207_evm0, Blan|BL09652_evm0, Blan|BL10557_evm0, Blan|BL10745_cuf2, Blan|BL10759_cuf0, Blan|BL10948_evm0, Blan|BL11943_evm0, Blan|BL11946_cuf0, Blan|BL11949_evm0, Blan|BL11950_evm0, Blan|BL13327_evm0, Blan|BL14657_evm0, Blan|BL15032_evm0, Blan|BL15324_cuf1, Blan|BL15476_evm0, Blan|BL19232_evm0, Blan|BL19576_evm0, Blan|BL20507_evm0, Blan|BL21719_evm0, Blan|BL21721_evm0, Blan|BL22114_cuf1, Blan|BL22979_evm0, Blan|BL22981_cuf1, Blan|BL23291_evm0, Blan|BL23446_evm0, Blan|BL25015_evm0, Blan|BL26425_evm0, Blan|BL26428_evm0, Blan|BL26951_evm0, Blan|BL29268_evm0, Blan|BL29966_evm0, Blan|BL31208_evm0, Blan|BL31460_evm0, Blan|BL31982_evm0, Blan|BL35958_cuf1, Blan|BL37131_cuf0, Blan|BL41333_cuf1, Blan|BL51262_cuf0, Blan|BL75240_cuf1, Blan|BL88482_cuf0, Blan|BL95635_evm0, Blan|BL95636_evm1, Blan|BL96169_evm1, Blan|BL96170_evm0																		Ofra|OFRAG00000015393.1	Ofus|OFUSG00515.1								
OG0001356																			Ofra|OFRAG00000001945.1							Smed|SMEST001500001.1, Smed|SMEST001591001.1, Smed|SMEST003571001.1, Smed|SMEST003624001.1, Smed|SMEST005932001.1, Smed|SMEST007143003.1, Smed|SMEST009420001.1, Smed|SMEST013145001.1, Smed|SMEST014918001.1, Smed|SMEST019458001.1, Smed|SMEST021658001.1, Smed|SMEST026249001.1, Smed|SMEST029320002.1, Smed|SMEST035021001.1, Smed|SMEST035742001.1, Smed|SMEST036077001.1, Smed|SMEST037652001.1, Smed|SMEST038612001.1, Smed|SMEST038782001.1, Smed|SMEST039839001.1, Smed|SMEST040117001.1, Smed|SMEST042016001.1, Smed|SMEST042016002.1, Smed|SMEST044022002.1, Smed|SMEST045113001.1, Smed|SMEST045912001.1, Smed|SMEST051074001.1, Smed|SMEST052064002.1, Smed|SMEST052540001.1, Smed|SMEST054198001.1, Smed|SMEST054399001.1, Smed|SMEST054414001.1, Smed|SMEST054970001.1, Smed|SMEST056547001.1, Smed|SMEST056873001.1, Smed|SMEST057289001.1, Smed|SMEST058621001.1, Smed|SMEST060473001.1, Smed|SMEST062997001.1, Smed|SMEST063446003.1, Smed|SMEST064044001.1, Smed|SMEST065302002.1, Smed|SMEST066071001.1, Smed|SMEST066915001.1, Smed|SMEST068555001.1, Smed|SMEST069350001.1, Smed|SMEST073986001.1, Smed|SMEST074293001.1, Smed|SMEST075219001.1, Smed|SMEST075438002.1, Smed|SMEST075647001.1, Smed|SMEST077456001.1, Smed|SMEST079268001.1, Smed|SMEST080555002.1, Smed|SMEST081439002.1		
OG0001586	Blan|BL03596_evm0	Bpla|10907_Bpl_scaf_14986-0.13-mRNA-1, Bpla|10942_Bpl_scaf_49882-0.19-mRNA-1, Bpla|10942_Bpl_scaf_49882-0.22-mRNA-1, Bpla|10994_Bpl_scaf_39689-2.12-mRNA-1, Bpla|14583_Bpl_scaf_52663-0.17-mRNA-1, Bpla|14583_Bpl_scaf_52663-0.19-mRNA-1, Bpla|17603_Bpl_scaf_17782-0.11-mRNA-1, Bpla|17603_Bpl_scaf_17782-1.17-mRNA-1, Bpla|17603_Bpl_scaf_17782-2.17-mRNA-1, Bpla|17603_Bpl_scaf_17782-2.18-mRNA-1, Bpla|18200_Bpl_scaf_42545-0.3-mRNA-1, Bpla|3828_Bpl_scaf_3305-0.6-mRNA-1, Bpla|4518_Bpl_scaf_45930-1.9-mRNA-1, Bpla|4550_Bpl_scaf_20496-0.14-mRNA-1, Bpla|495_Bpl_scaf_59317-0.7-mRNA-1, Bpla|6382_Bpl_scaf_62484-0.18-mRNA-1, Bpla|6840_Bpl_scaf_3469-0.25-mRNA-1, Bpla|7662_Bpl_scaf_3378-5.30-mRNA-1, Bpla|8782_Bpl_scaf_11402-0.15-mRNA-1, Bpla|9217_Bpl_scaf_47400-1.50-mRNA-1, Bpla|9217_Bpl_scaf_47400-1.52-mRNA-1, Bpla|9217_Bpl_scaf_47400-1.54-mRNA-1, Bpla|9217_Bpl_scaf_47400-1.56-mRNA-1, Bpla|9845_Bpl_scaf_63888-0.13-mRNA-1	Cgig|EKC22677, Cgig|EKC25213				Gaeg|ctg2110-1.0-1, Gaeg|ctg4651-0.1-1, Gaeg|ctg466-0.2-1, Gaeg|ctg868-0.0-1					Lgig|LotgiT158061, Lgig|LotgiT158062, Lgig|LotgiT170115, Lgig|LotgiT176496		Locu|ENSLOCT00000005446, Locu|ENSLOCT00000011405	Myes|XM_021484127.1, Myes|XM_021484192.1, Myes|XM_021484780.1, Myes|XM_021492051.1, Myes|XM_021496760.1, Myes|XM_021497176.1, Myes|XM_021497188.1, Myes|XM_021498696.1, Myes|XM_021501696.1, Myes|XM_021507009.1, Myes|XM_021508028.1, Myes|XM_021512695.1		Nvec|EDO40677		Ofra|OFRAG00000013499.1									
OG0001796	Blan|BL03107_evm1	Bpla|9182_Bpl_scaf_28864-2.10-mRNA-1	Cgig|EKC17348, Cgig|EKC29985, Cgig|EKC32763, Cgig|EKC32764, Cgig|EKC32765, Cgig|EKC32766, Cgig|EKC35502	Ctel|CapteT114484, Ctel|CapteT188039, Ctel|CapteT188771, Ctel|CapteT192055		Eand|evm.model.Chr03.2278	Gaeg|ctg676-2.12-1				Lana|g13669.t1, Lana|g19187.t1, Lana|g23565.t1, Lana|g25174.t1, Lana|g3801.t1	Lgig|LotgiT170903, Lgig|LotgiT237415			Myes|XM_021519571.1	Ngen|g28545.t1, Ngen|g28546.t1	Nvec|EDO42159, Nvec|EDO43923, Nvec|EDO43992		Ofra|OFRAG00000008915.1, Ofra|OFRAG00000010742.1, Ofra|OFRAG00000010743.1		Paus|g9425.t1			Skow|PAC_23923966, Skow|PAC_23928027, Skow|PAC_23943957, Skow|PAC_23955591	Smar|SMAR010951-RA, Smar|SMAR010952-RA	Smed|SMEST008797001.1, Smed|SMEST060675001.1, Smed|SMEST060675002.1, Smed|SMEST060675003.1, Smed|SMEST060675004.1	Spur|SPU_020849-tr, Spur|SPU_023440-tr	Tcas|TC011997_001, Tcas|TC011998_001, Tcas|TC031512_001
OG0002101	Blan|BL62420_cuf0, Blan|BL65917_cuf0, Blan|BL66801_cuf0, Blan|BL73895_cuf0			Ctel|CapteT104024, Ctel|CapteT116265, Ctel|CapteT119353, Ctel|CapteT137943, Ctel|CapteT192167, Ctel|CapteT205997, Ctel|CapteT48793, Ctel|CapteT64350, Ctel|CapteT64804, Ctel|CapteT66061, Ctel|CapteT67232, Ctel|CapteT67305, Ctel|CapteT69040, Ctel|CapteT74525, Ctel|CapteT76042, Ctel|CapteT76099, Ctel|CapteT76332, Ctel|CapteT77427, Ctel|CapteT77623, Ctel|CapteT78573, Ctel|CapteT78644, Ctel|CapteT78700, Ctel|CapteT79473, Ctel|CapteT79970, Ctel|CapteT80757, Ctel|CapteT85967, Ctel|CapteT86020, Ctel|CapteT87958, Ctel|CapteT87983, Ctel|CapteT88153								Lgig|LotgiT56380, Lgig|LotgiT68473							Ofra|OFRAG00000007818.1, Ofra|OFRAG00000008191.1							Smed|SMEST015838001.1, Smed|SMEST075643001.1	Spur|SPU_007688-tr, Spur|SPU_009953-tr	Tcas|TC013248_001, Tcas|TC034609_001
OG0003708				Ctel|CapteT100948, Ctel|CapteT130329, Ctel|CapteT166507, Ctel|CapteT185383, Ctel|CapteT185393, Ctel|CapteT185394, Ctel|CapteT186806, Ctel|CapteT189439, Ctel|CapteT191296, Ctel|CapteT191327, Ctel|CapteT192185, Ctel|CapteT192191, Ctel|CapteT195119, Ctel|CapteT202187, Ctel|CapteT203717, Ctel|CapteT207114, Ctel|CapteT208128, Ctel|CapteT209392, Ctel|CapteT209422, Ctel|CapteT210836, Ctel|CapteT210920, Ctel|CapteT211440, Ctel|CapteT214953, Ctel|CapteT218869, Ctel|CapteT54126, Ctel|CapteT67080, Ctel|CapteT67108, Ctel|CapteT67111, Ctel|CapteT67223, Ctel|CapteT68045, Ctel|CapteT68205, Ctel|CapteT72454, Ctel|CapteT76898, Ctel|CapteT78121, Ctel|CapteT91102															Ofra|OFRAG00000010431.1									
OG0003745	Blan|BL07789_evm0, Blan|BL07889_cuf4, Blan|BL10806_cuf0, Blan|BL16233_evm0, Blan|BL17326_cuf1, Blan|BL18459_evm0, Blan|BL18997_cuf8, Blan|BL23758_cuf0, Blan|BL47295_cuf1, Blan|BL57514_cuf0, Blan|BL59176_cuf0, Blan|BL59587_cuf1, Blan|BL59589_cuf0			Ctel|CapteT222459, Ctel|CapteT64201, Ctel|CapteT66563				Hmia|HMIM005132-RA, Hmia|HMIM012177-RA	Hrob|HelroT76209	Hsap|ENST00000291592, Hsap|ENST00000377924, Hsap|ENST00000396641				Locu|ENSLOCT00000021661, Locu|ENSLOCT00000021979, Locu|ENSLOCT00000022221, Locu|ENSLOCT00000022344, Locu|ENSLOCT00000022474			Nvec|EDO44877		Ofra|OFRAG00000013779.1					Skow|PAC_23929417, Skow|PAC_23953566			Spur|SPU_012032-tr, Spur|SPU_021751-tr	Tcas|TC004120_001, Tcas|TC015476_001
OG0005478				Ctel|CapteT188993, Ctel|CapteT222985, Ctel|CapteT224114	Dgyr|DgyrT14735, Dgyr|DgyrT9874, Dgyr|DgyrT9930			Hmia|HMIM012109-RA			Lana|g24799.t1						Nvec|EDO26354, Nvec|EDO28964, Nvec|EDO31036, Nvec|EDO31984, Nvec|EDO37305, Nvec|EDO38516, Nvec|EDO38538, Nvec|EDO39895, Nvec|EDO39896, Nvec|EDO40030, Nvec|EDO40070, Nvec|EDO41914, Nvec|EDO44838, Nvec|EDO45791, Nvec|EDO46632, Nvec|EDO48754, Nvec|EDO49510		Ofra|OFRAG00000002909.2	Ofus|OFUSG08084.1	Paus|g15429.t1, Paus|g4305.t1, Paus|g4307.t1, Paus|g4308.t1			Skow|PAC_23932875				
OG0005517	Blan|BL07589_evm0	Bpla|13525_Bpl_scaf_54834-1.10-mRNA-1, Bpla|3323_Bpl_scaf_54994-0.0-mRNA-1, Bpla|3323_Bpl_scaf_54994-0.1-mRNA-1, Bpla|3323_Bpl_scaf_54994-0.11-mRNA-1, Bpla|5125_Bpl_scaf_44768-1.6-mRNA-1, Bpla|5125_Bpl_scaf_44768-2.3-mRNA-1, Bpla|5125_Bpl_scaf_44768-2.9-mRNA-1	Cgig|EKC20728, Cgig|EKC27548, Cgig|EKC27550, Cgig|EKC28268, Cgig|EKC28269, Cgig|EKC28270, Cgig|EKC38441	Ctel|CapteT187326							Lana|g21617.t1				Myes|XM_021500588.1, Myes|XM_021500589.1, Myes|XM_021500592.1, Myes|XM_021500593.1, Myes|XM_021500596.1, Myes|XM_021515712.1, Myes|XM_021515713.1, Myes|XM_021515715.1, Myes|XM_021515717.1, Myes|XM_021516482.1	Ngen|g24899.t1			Ofra|OFRAG00000015142.1	Ofus|OFUSG07634.1							Spur|SPU_005230-tr	
OG0006041											Lana|g566.t1						Nvec|EDO38390		Ofra|OFRAG00000000321.1, Ofra|OFRAG00000002733.1, Ofra|OFRAG00000005599.1, Ofra|OFRAG00000005600.1, Ofra|OFRAG00000005601.1, Ofra|OFRAG00000007182.1, Ofra|OFRAG00000007183.1, Ofra|OFRAG00000007184.1, Ofra|OFRAG00000007185.1, Ofra|OFRAG00000007186.1, Ofra|OFRAG00000007187.1, Ofra|OFRAG00000009215.1, Ofra|OFRAG00000010036.1, Ofra|OFRAG00000013200.1, Ofra|OFRAG00000013201.1, Ofra|OFRAG00000013202.1, Ofra|OFRAG00000013203.1, Ofra|OFRAG00000014112.1, Ofra|OFRAG00000014116.1, Ofra|OFRAG00000015728.1, Ofra|OFRAG00000015733.1, Ofra|OFRAG00000015735.1, Ofra|OFRAG00000015736.1, Ofra|OFRAG00000015737.1, Ofra|OFRAG00000015738.1, Ofra|OFRAG00000015874.1, Ofra|OFRAG00000017295.1, Ofra|OFRAG00000017899.1, Ofra|OFRAG00000017900.1									
OG0006566		Bpla|3622_Bpl_scaf_21376-1.27-mRNA-1	Cgig|EKC26245, Cgig|EKC26246	Ctel|CapteT122810, Ctel|CapteT125388, Ctel|CapteT21911	Dgyr|DgyrT10490	Eand|evm.model.Chr08.1510, Eand|evm.model.Chr08.1511, Eand|evm.model.Chr08.1512, Eand|evm.model.Chr08.1513, Eand|evm.model.Chr08.1514, Eand|evm.model.ctg1621.1, Eand|evm.model.ctg4121.1	Gaeg|ctg1899-0.5-1, Gaeg|ctg1899-0.7-1, Gaeg|ctg321-1.8-1, Gaeg|ctg818-4.12-1, Gaeg|ctg908-1.20-1				Lana|g4264.t1	Lgig|LotgiT112179, Lgig|LotgiT143682, Lgig|LotgiT67491			Myes|XM_021485101.1		Nvec|EDO43288		Ofra|OFRAG00000007864.1, Ofra|OFRAG00000007865.1	Ofus|OFUSG03400.1, Ofus|OFUSG03956.1, Ofus|OFUSG15054.1								
OG0007124				Ctel|CapteT158394		Eand|evm.model.Chr10.1159	Gaeg|ctg1791-0.0-1	Hmia|HMIM000472-RA, Hmia|HMIM003400-RA, Hmia|HMIM007646-RA, Hmia|HMIM008781-RA, Hmia|HMIM013665-RA, Hmia|HMIM018453-RA	Hrob|HelroT169535			Lgig|LotgiT95913, Lgig|LotgiT95914, Lgig|LotgiT96729, Lgig|LotgiT98092				Ngen|g13238.t1, Ngen|g35099.t1, Ngen|g37468.t1, Ngen|g3948.t1, Ngen|g5989.t1	Nvec|EDO33387		Ofra|OFRAG00000006437.1, Ofra|OFRAG00000009626.1, Ofra|OFRAG00000015887.1	Ofus|OFUSG21994.1								Tcas|TC001654_001, Tcas|TC002686_001, Tcas|TC003869_001, Tcas|TC007246_001, Tcas|TC008384_001
OG0008055	Blan|BL04109_evm2, Blan|BL04301_evm0, Blan|BL07823_cuf1, Blan|BL11700_evm0, Blan|BL14560_evm0, Blan|BL15337_evm0, Blan|BL17330_cuf2, Blan|BL22491_evm0, Blan|BL23686_evm0, Blan|BL28044_evm0, Blan|BL29137_evm0, Blan|BL29453_evm0, Blan|BL29510_evm0, Blan|BL58238_cuf0, Blan|BL79612_cuf0, Blan|BL95157_evm1										Lana|g11344.t1, Lana|g6596.t1, Lana|g8464.t1	Lgig|LotgiT172890, Lgig|LotgiT239374				Ngen|g21110.t1, Ngen|g5572.t1			Ofra|OFRAG00000014572.1		Paus|g4334.t1			Skow|PAC_23923840				
OG0008269	Blan|BL23514_evm0, Blan|BL23914_cuf1	Bpla|5373_Bpl_scaf_56879-2.35-mRNA-1	Cgig|EKC42144	Ctel|CapteT110664	Dgyr|DgyrT10883	Eand|evm.model.ctg4739.2	Gaeg|ctg835-1.8-1		Hrob|HelroT65888	Hsap|ENST00000301391	Lana|g10600.t1	Lgig|LotgiT116983		Locu|ENSLOCT00000003092	Myes|XM_021510343.1	Ngen|g96.t1	Nvec|EDO27421, Nvec|EDO44622		Ofra|OFRAG00000005094.1	Ofus|OFUSG15028.1	Paus|g16361.t1			Skow|PAC_23947089	Smar|SMAR013619-RA	Smed|SMEST004734001.1	Spur|SPU_008360-tr, Spur|SPU_024628-tr	Tcas|TC006216_001
OG0008333	Blan|BL13150_evm0	Bpla|16700_Bpl_scaf_30185-6.9-mRNA-1	Cgig|EKC41046	Ctel|CapteT165760		Eand|evm.model.Chr08.1386	Gaeg|ctg342-5.0-1		Hrob|HelroT83299	Hsap|ENST00000340552, Hsap|ENST00000418310	Lana|g5866.t1	Lgig|LotgiT103637		Locu|ENSLOCT00000005245, Locu|ENSLOCT00000005802	Myes|XM_021485141.1	Ngen|g25888.t1, Ngen|g26966.t1	Nvec|EDO44183		Ofra|OFRAG00000003237.1	Ofus|OFUSG22464.1	Paus|g14538.t1			Skow|PAC_23938801	Smar|SMAR004581-RA	Smed|SMEST018804001.1, Smed|SMEST018804002.1	Spur|SPU_022207-tr	Tcas|TC015763_001
OG0008677	Blan|BL15775_cuf4	Bpla|7124_Bpl_scaf_7423-6.6-mRNA-1		Ctel|CapteT110971, Ctel|CapteT151033	Dgyr|DgyrT5578	Eand|evm.model.Chr08.1213	Gaeg|ctg720-2.11-1		Hrob|HelroT159889	Hsap|ENST00000370476	Lana|g12909.t1, Lana|g29138.t1	Lgig|LotgiT117637		Locu|ENSLOCT00000015743	Myes|XM_021512746.1	Ngen|g1630.t1, Ngen|g32760.t1	Nvec|EDO36886		Ofra|OFRAG00000017315.1	Ofus|OFUSG06334.1	Paus|g7666.t1			Skow|PAC_23959612	Smar|SMAR011937-RA	Smed|SMEST016227001.1	Spur|SPU_001559-tr	Tcas|TC030643_001
OG0008698		Bpla|10865_Bpl_scaf_26009-1.6-mRNA-1	Cgig|EKC17337		Dgyr|DgyrT7033	Eand|evm.model.Chr04.2296, Eand|evm.model.Chr07.40, Eand|evm.model.Chr07.689, Eand|evm.model.Chr09.657	Gaeg|ctg105-7.0-1	Hmia|HMIM020459-RA	Hrob|HelroT145534, Hrob|HelroT145685, Hrob|HelroT67579, Hrob|HelroT73673			Lgig|LotgiT171679, Lgig|LotgiT98465			Myes|XM_021484173.1		Nvec|EDO28606, Nvec|EDO34637		Ofra|OFRAG00000000576.1, Ofra|OFRAG00000006723.1					Skow|PAC_23924431	Smar|SMAR005599-RA			Tcas|TC002620_001, Tcas|TC002621_001, Tcas|TC013474_001
OG0008715		Bpla|15383_Bpl_scaf_53807-1.9-mRNA-1																	Ofra|OFRAG00000017944.1	Ofus|OFUSG00705.1, Ofus|OFUSG01758.1, Ofus|OFUSG01775.1, Ofus|OFUSG01807.1, Ofus|OFUSG01868.1, Ofus|OFUSG01870.1, Ofus|OFUSG14443.1, Ofus|OFUSG14445.1, Ofus|OFUSG14694.1, Ofus|OFUSG14772.1, Ofus|OFUSG15419.1, Ofus|OFUSG15423.1, Ofus|OFUSG15424.1, Ofus|OFUSG18408.1, Ofus|OFUSG18413.1, Ofus|OFUSG18416.1, Ofus|OFUSG20067.1, Ofus|OFUSG20091.1, Ofus|OFUSG20172.1, Ofus|OFUSG20184.1, Ofus|OFUSG21603.1, Ofus|OFUSG22808.1, Ofus|OFUSG22809.1								
OG0009007		Bpla|13467_Bpl_scaf_40569-5.13-mRNA-1, Bpla|13467_Bpl_scaf_40569-5.31-mRNA-1	Cgig|EKC21217, Cgig|EKC35178, Cgig|EKC35179, Cgig|EKC38299, Cgig|EKC38300, Cgig|EKC38682		Dgyr|DgyrT2656	Eand|evm.model.Chr01.153, Eand|evm.model.Chr07.1258	Gaeg|ctg372-7.3-1		Hrob|HelroT105842			Lgig|LotgiT109659, Lgig|LotgiT229595			Myes|XM_021484961.1, Myes|XM_021517568.1, Myes|XM_021517667.1, Myes|XM_021517685.1, Myes|XM_021519898.1		Nvec|EDO36969		Ofra|OFRAG00000002601.2	Ofus|OFUSG02627.1, Ofus|OFUSG23872.1								
OG0009068											Lana|g14812.t1, Lana|g184.t1, Lana|g185.t1, Lana|g186.t1, Lana|g6419.t1, Lana|g6420.t1, Lana|g6421.t1					Ngen|g12976.t1, Ngen|g1526.t1, Ngen|g1527.t1, Ngen|g1528.t1, Ngen|g21677.t1			Ofra|OFRAG00000008365.1	Ofus|OFUSG05330.1, Ofus|OFUSG05331.1	Paus|g18698.t1, Paus|g18999.t1, Paus|g19000.t1, Paus|g19638.t1, Paus|g3247.t1, Paus|g4599.t1, Paus|g4600.t1, Paus|g4601.t1, Paus|g6672.t1							
OG0009304		Bpla|15401_Bpl_scaf_41276-0.3-mRNA-1	Cgig|EKC31165, Cgig|EKC31166	Ctel|CapteT224725	Dgyr|DgyrT15880	Eand|evm.model.Chr04.2504					Lana|g25208.t1, Lana|g4544.t1	Lgig|LotgiT231734			Myes|XM_021495023.1	Ngen|g27320.t1, Ngen|g37980.t1			Ofra|OFRAG00000008725.1	Ofus|OFUSG18881.1	Paus|g5794.t1			Skow|PAC_23946676	Smar|SMAR013188-RA	Smed|SMEST011577001.1, Smed|SMEST030162001.1, Smed|SMEST051307001.1, Smed|SMEST068495001.1	Spur|SPU_015363-tr	Tcas|TC011720_001
OG0010251												Lgig|LotgiT172928							Ofra|OFRAG00000016668.1, Ofra|OFRAG00000016669.1, Ofra|OFRAG00000016670.1, Ofra|OFRAG00000016671.1, Ofra|OFRAG00000016672.1, Ofra|OFRAG00000016673.1, Ofra|OFRAG00000016674.1, Ofra|OFRAG00000016675.1, Ofra|OFRAG00000016676.1, Ofra|OFRAG00000016677.1, Ofra|OFRAG00000016678.1, Ofra|OFRAG00000016679.1, Ofra|OFRAG00000016680.1, Ofra|OFRAG00000016681.1, Ofra|OFRAG00000016682.1, Ofra|OFRAG00000016683.1, Ofra|OFRAG00000016684.1, Ofra|OFRAG00000016685.1, Ofra|OFRAG00000016686.1									
OG0010348	Blan|BL07794_evm0, Blan|BL22000_evm0, Blan|BL23479_cuf0, Blan|BL23528_evm0, Blan|BL25469_evm0, Blan|BL41214_cuf0			Ctel|CapteT228446, Ctel|CapteT54229			Gaeg|ctg272-8.29-1												Ofra|OFRAG00000006729.1, Ofra|OFRAG00000012554.1	Ofus|OFUSG03987.1, Ofus|OFUSG16776.1, Ofus|OFUSG20087.1	Paus|g20164.t1, Paus|g3355.t1, Paus|g4510.t1, Paus|g4511.t1						Spur|SPU_002895-tr	
OG0010612	Blan|BL14442_cuf2, Blan|BL21144_evm0	Bpla|9379_Bpl_scaf_13605-3.13-mRNA-1				Eand|evm.model.Chr04.2726	Gaeg|ctg527-3.38-1			Hsap|ENST00000471181	Lana|g22468.t1, Lana|g22470.t1	Lgig|LotgiT174527		Locu|ENSLOCT00000014036	Myes|XM_021494779.1		Nvec|EDO49384		Ofra|OFRAG00000001463.1	Ofus|OFUSG24274.1, Ofus|OFUSG24275.1	Paus|g8546.t1			Skow|PAC_23931605	Smar|SMAR010600-RA			
OG0011303		Bpla|16380_Bpl_scaf_17051-9.4-mRNA-1					Gaeg|ctg2015-0.6-1, Gaeg|ctg2191-0.9-1					Lgig|LotgiT124377				Ngen|g19000.t1, Ngen|g23278.t1, Ngen|g25786.t1			Ofra|OFRAG00000000746.1		Paus|g15739.t1, Paus|g1668.t1, Paus|g1669.t1, Paus|g1670.t1, Paus|g17948.t1, Paus|g17950.t1, Paus|g18715.t1, Paus|g4754.t1							
OG0011382						Eand|evm.model.Chr03.251, Eand|evm.model.Chr05.189, Eand|evm.model.Chr09.5, Eand|evm.model.ctg1023.2, Eand|evm.model.ctg1023.4, Eand|evm.model.ctg1224.4, Eand|evm.model.ctg1385.3, Eand|evm.model.ctg1385.4, Eand|evm.model.ctg1819.2, Eand|evm.model.ctg1843.2, Eand|evm.model.ctg2920.1, Eand|evm.model.ctg3544.1, Eand|evm.model.ctg3595.1, Eand|evm.model.ctg4281.1, Eand|evm.model.ctg883.2													Ofra|OFRAG00000009179.1									
OG0011396								Hmia|HMIM000258-RA, Hmia|HMIM000259-RA, Hmia|HMIM000265-RA, Hmia|HMIM000454-RA, Hmia|HMIM000456-RA, Hmia|HMIM000457-RA, Hmia|HMIM003336-RA, Hmia|HMIM003960-RA, Hmia|HMIM006059-RA, Hmia|HMIM007584-RA, Hmia|HMIM008308-RA, Hmia|HMIM008309-RA, Hmia|HMIM008735-RA, Hmia|HMIM012237-RA, Hmia|HMIM016750-RA											Ofra|OFRAG00000011314.1									
OG0011455																			Ofra|OFRAG00000006445.1					Skow|PAC_23914858, Skow|PAC_23940828, Skow|PAC_23940829, Skow|PAC_23946829, Skow|PAC_23959829, Skow|PAC_23959904, Skow|PAC_23959920, Skow|PAC_23959934, Skow|PAC_23959945, Skow|PAC_23959966, Skow|PAC_23959972			Spur|SPU_003193-tr, Spur|SPU_007947-tr, Spur|SPU_017480-tr, Spur|SPU_026703-tr	
OG0011508	Blan|BL12541_cuf2		Cgig|EKC18186		Dgyr|DgyrT10406	Eand|evm.model.Chr01.3017, Eand|evm.model.Chr07.1294	Gaeg|ctg3106-0.3-1		Hrob|HelroT161432, Hrob|HelroT161515	Hsap|ENST00000424728	Lana|g23321.t1	Lgig|LotgiT160625		Locu|ENSLOCT00000009892	Myes|XM_021512518.1				Ofra|OFRAG00000010021.1	Ofus|OFUSG07015.1								
OG0011512	Blan|BL15159_cuf0		Cgig|EKC25523	Ctel|CapteT54593, Ctel|CapteT57668, Ctel|CapteT66131, Ctel|CapteT77397, Ctel|CapteT89998					Hrob|HelroT73827							Ngen|g26371.t1, Ngen|g3267.t1	Nvec|EDO27749		Ofra|OFRAG00000012704.1	Ofus|OFUSG00535.1, Ofus|OFUSG11112.1								Tcas|TC006534_001
OG0011549	Blan|BL01994_cuf13					Eand|evm.model.Chr07.1812		Hmia|HMIM021597-RA	Hrob|HelroT131165, Hrob|HelroT182698, Hrob|HelroT69346								Nvec|EDO30366, Nvec|EDO43355		Ofra|OFRAG00000007936.1		Paus|g6301.t1			Skow|PAC_23919739, Skow|PAC_23921275, Skow|PAC_23951951		Smed|SMEST020970001.1	Spur|SPU_004556-tr	
OG0011559	Blan|BL10360_evm0			Ctel|CapteT150338			Gaeg|ctg452-0.4-1		Hrob|HelroT64261	Hsap|ENST00000648640	Lana|g28468.t1	Lgig|LotgiT174937		Locu|ENSLOCT00000017041			Nvec|EDO45431		Ofra|OFRAG00000013613.1		Paus|g654.t1			Skow|PAC_23915641, Skow|PAC_23927940	Smar|SMAR013896-RA		Spur|SPU_005571-tr	
OG0011577	Blan|BL04150_cuf0, Blan|BL05370_evm0, Blan|BL06181_evm0, Blan|BL24768_cuf0				Dgyr|DgyrT11049	Eand|evm.model.Chr06.1587					Lana|g15378.t1					Ngen|g10468.t1, Ngen|g34338.t1	Nvec|EDO43443		Ofra|OFRAG00000015975.1		Paus|g5379.t1			Skow|PAC_23956286		Smed|SMEST024330001.1	Spur|SPU_004674-tr	
OG0011666				Ctel|CapteT186112, Ctel|CapteT187547, Ctel|CapteT195083, Ctel|CapteT201012, Ctel|CapteT201726, Ctel|CapteT204934, Ctel|CapteT205368, Ctel|CapteT208019, Ctel|CapteT209704, Ctel|CapteT209705, Ctel|CapteT213375, Ctel|CapteT218213, Ctel|CapteT69262, Ctel|CapteT85675															Ofra|OFRAG00000000051.1									
OG0011767															Myes|XM_021488689.1				Ofra|OFRAG00000004489.1					Skow|PAC_23947725			Spur|SPU_001200-tr, Spur|SPU_001527-tr, Spur|SPU_001898-tr, Spur|SPU_006083-tr, Spur|SPU_009615-tr, Spur|SPU_010615-tr, Spur|SPU_015487-tr, Spur|SPU_018731-tr, Spur|SPU_021221-tr, Spur|SPU_021889-tr, Spur|SPU_025184-tr, Spur|SPU_025842-tr	
OG0011832	Blan|BL07820_cuf10, Blan|BL11682_cuf6									Hsap|ENST00000319119, Hsap|ENST00000373656, Hsap|ENST00000373659, Hsap|ENST00000375527, Hsap|ENST00000418724, Hsap|ENST00000427304, Hsap|ENST00000449886				Locu|ENSLOCT00000000256, Locu|ENSLOCT00000001398, Locu|ENSLOCT00000003426, Locu|ENSLOCT00000022012					Ofra|OFRAG00000000034.1									
OG0012005			Cgig|EKC21248, Cgig|EKC35613	Ctel|CapteT161613					Hrob|HelroT128645	Hsap|ENST00000307266		Lgig|LotgiT201580		Locu|ENSLOCT00000008559		Ngen|g5306.t1, Ngen|g5308.t1			Ofra|OFRAG00000017693.1					Skow|PAC_23954618	Smar|SMAR014154-RA		Spur|SPU_024310-tr	Tcas|TC010462_001
OG0012011			Cgig|EKC17818	Ctel|CapteT109315, Ctel|CapteT110139, Ctel|CapteT144436													Nvec|EDO25822, Nvec|EDO25928, Nvec|EDO25929, Nvec|EDO26024, Nvec|EDO26061, Nvec|EDO26735, Nvec|EDO27444, Nvec|EDO29249		Ofra|OFRAG00000017600.1, Ofra|OFRAG00000017601.1									
OG0012164																			Ofra|OFRAG00000013010.1	Ofus|OFUSG05646.1, Ofus|OFUSG05647.1, Ofus|OFUSG05648.1, Ofus|OFUSG05649.1, Ofus|OFUSG05650.1, Ofus|OFUSG05651.1, Ofus|OFUSG23498.1, Ofus|OFUSG23499.1, Ofus|OFUSG23500.1, Ofus|OFUSG23501.1, Ofus|OFUSG24995.1, Ofus|OFUSG24996.1, Ofus|OFUSG24997.1								
OG0012232	Blan|BL00996_evm0	Bpla|14160_Bpl_scaf_42312-2.8-mRNA-1	Cgig|EKC35284		Dgyr|DgyrT7738			Hmia|HMIM009710-RA, Hmia|HMIM019708-RA				Lgig|LotgiT137218					Nvec|EDO46186		Ofra|OFRAG00000006302.1		Paus|g8247.t1			Skow|PAC_23943041	Smar|SMAR013273-RA		Spur|SPU_009000-tr	
OG0012852		Bpla|6426_Bpl_scaf_55285-5.7-mRNA-1	Cgig|EKC27245	Ctel|CapteT193890, Ctel|CapteT224838							Lana|g20326.t1, Lana|g26066.t1	Lgig|LotgiT236033			Myes|XM_021484069.1, Myes|XM_021504684.1, Myes|XM_021504688.1				Ofra|OFRAG00000011413.1					Skow|PAC_23944662				
OG0012888				Ctel|CapteT195655	Dgyr|DgyrT3081	Eand|evm.model.Chr01.1424, Eand|evm.model.Chr02.1525, Eand|evm.model.Chr04.579, Eand|evm.model.Chr08.404, Eand|evm.model.ctg5811.1			Hrob|HelroT113547, Hrob|HelroT72721										Ofra|OFRAG00000011190.1					Skow|PAC_23953178			Spur|SPU_026432-tr	
OG0013043									Hrob|HelroT163651	Hsap|ENST00000301258, Hsap|ENST00000359228, Hsap|ENST00000615007									Ofra|OFRAG00000004054.1, Ofra|OFRAG00000004055.1, Ofra|OFRAG00000005614.1, Ofra|OFRAG00000005615.1, Ofra|OFRAG00000005616.1, Ofra|OFRAG00000005617.1, Ofra|OFRAG00000005618.1					Skow|PAC_23930197				
OG0013289	Blan|BL17798_evm2	Bpla|1502_Bpl_scaf_59505-2.24-mRNA-1, Bpla|4612_Bpl_scaf_37887-0.14-mRNA-1, Bpla|4799_Bpl_scaf_3428-0.8-mRNA-1, Bpla|6855_Bpl_scaf_50033-1.18-mRNA-1, Bpla|8462_Bpl_scaf_55542-0.12-mRNA-1, Bpla|9948_Bpl_scaf_49313-0.27-mRNA-1					Gaeg|ctg4382-0.5-1, Gaeg|ctg455-3.8-1								Myes|XM_021509684.1				Ofra|OFRAG00000005854.1									
OG0013352		Bpla|12478_Bpl_scaf_2275-4.2-mRNA-1	Cgig|EKC27570	Ctel|CapteT68718		Eand|evm.model.Chr05.974			Hrob|HelroT127019, Hrob|HelroT79834			Lgig|LotgiT119577				Ngen|g10126.t1			Ofra|OFRAG00000008116.1						Smar|SMAR004367-RA			Tcas|TC033127_002
OG0013498				Ctel|CapteT186357, Ctel|CapteT192264, Ctel|CapteT194316, Ctel|CapteT194317, Ctel|CapteT202725, Ctel|CapteT205094				Hmia|HMIM017369-RA				Lgig|LotgiT129061							Ofra|OFRAG00000002458.1, Ofra|OFRAG00000012028.1, Ofra|OFRAG00000016018.1									
OG0013596						Eand|evm.model.Chr02.3404, Eand|evm.model.Chr03.2951, Eand|evm.model.Chr04.1019, Eand|evm.model.Chr08.15, Eand|evm.model.Chr09.546, Eand|evm.model.Chr09.75, Eand|evm.model.Chr10.1848, Eand|evm.model.ctg1517.1, Eand|evm.model.ctg1791.2, Eand|evm.model.ctg426.28													Ofra|OFRAG00000010589.1									
OG0013662									Hrob|HelroT177368, Hrob|HelroT178777, Hrob|HelroT178976, Hrob|HelroT178977, Hrob|HelroT179738, Hrob|HelroT179739, Hrob|HelroT179741, Hrob|HelroT183942, Hrob|HelroT183943, Hrob|HelroT193653										Ofra|OFRAG00000010760.1									
OG0014007	Blan|BL01324_evm0, Blan|BL05636_evm2	Bpla|16515_Bpl_scaf_5537-2.6-mRNA-1, Bpla|8653_Bpl_scaf_54129-0.13-mRNA-1					Gaeg|ctg197-1.0-1		Hrob|HelroT148068, Hrob|HelroT153485		Lana|g21260.t1, Lana|g5471.t1								Ofra|OFRAG00000002475.1									
OG0014033		Bpla|13241_Bpl_scaf_15846-2.7-mRNA-1, Bpla|14222_Bpl_scaf_25689-0.4-mRNA-1, Bpla|18679_Bpl_scaf_32263-0.8-mRNA-1, Bpla|6139_Bpl_scaf_4564-0.2-mRNA-1, Bpla|836_Bpl_scaf_12886-0.7-mRNA-1	Cgig|EKC31128												Myes|XM_021492271.1	Ngen|g10365.t1			Ofra|OFRAG00000011838.1	Ofus|OFUSG26648.1								
OG0014182				Ctel|CapteT100553															Ofra|OFRAG00000000560.1, Ofra|OFRAG00000010970.1, Ofra|OFRAG00000012337.1, Ofra|OFRAG00000015254.1, Ofra|OFRAG00000015255.1, Ofra|OFRAG00000015640.1, Ofra|OFRAG00000015769.1, Ofra|OFRAG00000015986.1									Tcas|TC034553_001
OG0014192				Ctel|CapteT102965		Eand|evm.model.Chr02.3553					Lana|g22895.t1, Lana|g5020.t1, Lana|g5022.t1								Ofra|OFRAG00000012090.1					Skow|PAC_23916254, Skow|PAC_23928332			Spur|SPU_004995-tr, Spur|SPU_021216-tr	
OG0014263					Dgyr|DgyrT15853, Dgyr|DgyrT15854, Dgyr|DgyrT15855, Dgyr|DgyrT15857, Dgyr|DgyrT2622, Dgyr|DgyrT344, Dgyr|DgyrT3745, Dgyr|DgyrT6386, Dgyr|DgyrT6389														Ofra|OFRAG00000007771.1									
OG0014418												Lgig|LotgiT230024							Ofra|OFRAG00000011850.1, Ofra|OFRAG00000011851.1, Ofra|OFRAG00000011852.1, Ofra|OFRAG00000011853.1, Ofra|OFRAG00000014418.1, Ofra|OFRAG00000014419.1, Ofra|OFRAG00000014420.1, Ofra|OFRAG00000016094.1, Ofra|OFRAG00000017568.1									
OG0014507																Ngen|g14387.t1, Ngen|g15532.t1, Ngen|g15533.t1, Ngen|g19930.t1, Ngen|g22123.t1, Ngen|g22124.t1, Ngen|g27381.t1, Ngen|g37734.t1, Ngen|g38229.t1			Ofra|OFRAG00000010225.1									
OG0014737	Blan|BL27990_evm0									Hsap|ENST00000378090	Lana|g16669.t1					Ngen|g2867.t1			Ofra|OFRAG00000015984.1		Paus|g13859.t1			Skow|PAC_23924978	Smar|SMAR011780-RA			Tcas|TC032555_001
OG0014756	Blan|BL28609_evm0			Ctel|CapteT80614		Eand|evm.model.Chr07.1296			Hrob|HelroT88455, Hrob|HelroT92318							Ngen|g25916.t1	Nvec|EDO35784		Ofra|OFRAG00000016791.1					Skow|PAC_23947116				
OG0014807	Blan|BL24147_evm0	Bpla|13467_Bpl_scaf_40569-4.22-mRNA-1	Cgig|EKC40622	Ctel|CapteT105878			Gaeg|ctg7-0.3-1				Lana|g28912.t1, Lana|g5282.t1								Ofra|OFRAG00000004075.1	Ofus|OFUSG26019.1								
OG0014851		Bpla|5334_Bpl_scaf_6901-3.1-mRNA-1		Ctel|CapteT207584	Dgyr|DgyrT16766		Gaeg|ctg1680-0.7-1								Myes|XM_021504907.1				Ofra|OFRAG00000006125.1, Ofra|OFRAG00000006126.1, Ofra|OFRAG00000006127.1, Ofra|OFRAG00000006128.1									
OG0014915		Bpla|17715_Bpl_scaf_39137-0.2-mRNA-1, Bpla|3149_Bpl_scaf_64914-2.1-mRNA-1, Bpla|9438_Bpl_scaf_41876-0.6-mRNA-1	Cgig|EKC26759				Gaeg|ctg485-3.6-1					Lgig|LotgiT235163			Myes|XM_021505227.1				Ofra|OFRAG00000004058.1							Smed|SMEST078285001.1		
OG0014928		Bpla|15093_Bpl_scaf_54796-7.9-mRNA-1	Cgig|EKC39723		Dgyr|DgyrT8818		Gaeg|ctg74-7.2-1					Lgig|LotgiT166833			Myes|XM_021507647.1				Ofra|OFRAG00000002831.1	Ofus|OFUSG11550.1	Paus|g7166.t1							
OG0015176							Gaeg|ctg146-12.0-1				Lana|g5857.t1	Lgig|LotgiT60517							Ofra|OFRAG00000000370.1, Ofra|OFRAG00000010257.1					Skow|PAC_23931553, Skow|PAC_23935003, Skow|PAC_23951525, Skow|PAC_23959049				
OG0015318												Lgig|LotgiT145942							Ofra|OFRAG00000014527.1						Smar|SMAR006370-RA			Tcas|TC030969_001, Tcas|TC030979_001, Tcas|TC031085_002, Tcas|TC031950_001, Tcas|TC032278_001, Tcas|TC032590_001
OG0015835		Bpla|10967_Bpl_scaf_2186-0.9-mRNA-1, Bpla|14795_Bpl_scaf_41403-0.30-mRNA-1, Bpla|15251_Bpl_scaf_60762-0.10-mRNA-1, Bpla|2817_Bpl_scaf_5821-1.12-mRNA-1, Bpla|5787_Bpl_scaf_29900-0.9-mRNA-1, Bpla|7435_Bpl_scaf_53615-1.37-mRNA-1									Lana|g17602.t1								Ofra|OFRAG00000012842.1									
OG0016120				Ctel|CapteT106568			Gaeg|ctg356-5.1-1, Gaeg|ctg356-5.2-1												Ofra|OFRAG00000013496.1	Ofus|OFUSG19335.1	Paus|g16957.t1, Paus|g16959.t1, Paus|g4765.t1							
OG0016397											Lana|g13927.t1, Lana|g5070.t1, Lana|g5179.t1, Lana|g5180.t1, Lana|g5181.t1								Ofra|OFRAG00000007962.1	Ofus|OFUSG01457.1	Paus|g1634.t1							
OG0016847	Blan|BL09816_evm0	Bpla|12044_Bpl_scaf_61378-2.7-mRNA-1	Cgig|EKC22027				Gaeg|ctg557-2.10-1					Lgig|LotgiT213681			Myes|XM_021518630.1				Ofra|OFRAG00000015812.1									
OG0017001	Blan|BL20964_cuf1								Hrob|HelroT142818								Nvec|EDO25526, Nvec|EDO27282, Nvec|EDO34147		Ofra|OFRAG00000008524.1							Smed|SMEST069198001.1		
OG0017011	Blan|BL05823_evm7							Hmia|HMIM002027-RA, Hmia|HMIM008357-RA, Hmia|HMIM016204-RA											Ofra|OFRAG00000000031.1, Ofra|OFRAG00000017782.1		Paus|g7543.t1							
OG0017086		Bpla|1620_Bpl_scaf_3413-0.8-mRNA-1							Hrob|HelroT167825, Hrob|HelroT169591, Hrob|HelroT169613, Hrob|HelroT172641, Hrob|HelroT80515										Ofra|OFRAG00000009186.1									
OG0017288			Cgig|EKC42202, Cgig|EKC42204			Eand|evm.model.Chr11.961										Ngen|g30002.t1			Ofra|OFRAG00000002901.1	Ofus|OFUSG02903.1							Spur|SPU_006484-tr	
OG0017364				Ctel|CapteT150656											Myes|XM_021493926.1	Ngen|g19406.t1, Ngen|g25834.t1			Ofra|OFRAG00000013912.1								Spur|SPU_007628-tr, Spur|SPU_024194-tr	
OG0017543					Dgyr|DgyrT12381												Nvec|EDO26783, Nvec|EDO26867, Nvec|EDO29213, Nvec|EDO32330		Ofra|OFRAG00000011454.1, Ofra|OFRAG00000015226.1									
OG0017749								Hmia|HMIM005510-RA	Hrob|HelroT89139		Lana|g26101.t1, Lana|g26103.t1, Lana|g9120.t1					Ngen|g37652.t1			Ofra|OFRAG00000006155.1									
OG0017750								Hmia|HMIM012404-RA											Ofra|OFRAG00000006905.1, Ofra|OFRAG00000006906.1, Ofra|OFRAG00000006907.1, Ofra|OFRAG00000006908.1, Ofra|OFRAG00000006909.1, Ofra|OFRAG00000014872.1									
OG0017796										Hsap|ENST00000299106, Hsap|ENST00000368026, Hsap|ENST00000400532				Locu|ENSLOCT00000000748, Locu|ENSLOCT00000005899, Locu|ENSLOCT00000013185					Ofra|OFRAG00000015475.1									
OG0018177																	Nvec|EDO44903		Ofra|OFRAG00000008223.1, Ofra|OFRAG00000008225.1, Ofra|OFRAG00000013102.1, Ofra|OFRAG00000013105.1, Ofra|OFRAG00000016809.1, Ofra|OFRAG00000016817.1									
OG0019004		Bpla|16969_Bpl_scaf_45382-2.3-mRNA-1		Ctel|CapteT99332													Nvec|EDO26874		Ofra|OFRAG00000013479.1							Smed|SMEST049780001.1, Smed|SMEST049862001.1		
OG0019075			Cgig|EKC41517																Ofra|OFRAG00000007374.1						Smar|SMAR003218-RA, Smar|SMAR003438-RA, Smar|SMAR013849-RA, Smar|SMAR014696-RA			
OG0019169			Cgig|EKC23170					Hmia|HMIM013170-RA											Ofra|OFRAG00000009108.1					Skow|PAC_23957959	Smar|SMAR013053-RA		Spur|SPU_021522-tr	
OG0019294				Ctel|CapteT189947, Ctel|CapteT209988															Ofra|OFRAG00000009720.1	Ofus|OFUSG17320.1, Ofus|OFUSG25810.1							Spur|SPU_004514-tr	
OG0019542							Gaeg|ctg2559-0.3-1, Gaeg|ctg3036-0.0-1		Hrob|HelroT70665			Lgig|LotgiT147933					Nvec|EDO26672		Ofra|OFRAG00000010256.1									
OG0019706									Hrob|HelroT165085, Hrob|HelroT165142, Hrob|HelroT167027, Hrob|HelroT182646, Hrob|HelroT183174										Ofra|OFRAG00000000907.1									
OG0020333																Ngen|g26037.t1			Ofra|OFRAG00000000368.1, Ofra|OFRAG00000000369.1, Ofra|OFRAG00000000371.1, Ofra|OFRAG00000015055.1, Ofra|OFRAG00000015331.1									
OG0020957	Blan|BL05685_cuf1, Blan|BL18840_evm2, Blan|BL19591_evm0, Blan|BL22396_cuf2																		Ofra|OFRAG00000011786.1									
OG0020999	Blan|BL20330_evm2, Blan|BL34298_cuf0, Blan|BL73061_cuf2			Ctel|CapteT65352															Ofra|OFRAG00000016156.1									
OG0021150	Blan|BL97200_cuf15	Bpla|8731_Bpl_scaf_43350-0.5-mRNA-1	Cgig|EKC37702												Myes|XM_021521258.1				Ofra|OFRAG00000015831.1									
OG0021590			Cgig|EKC41441				Gaeg|ctg809-2.9-1					Lgig|LotgiT235125			Myes|XM_021486941.1				Ofra|OFRAG00000017608.1									
OG0021757				Ctel|CapteT185065, Ctel|CapteT188770, Ctel|CapteT223411															Ofra|OFRAG00000008916.1, Ofra|OFRAG00000010741.1									
OG0021820				Ctel|CapteT114071					Hrob|HelroT165824			Lgig|LotgiT131117							Ofra|OFRAG00000016414.1								Spur|SPU_019869-tr	
OG0021840				Ctel|CapteT209014, Ctel|CapteT209017, Ctel|CapteT215798															Ofra|OFRAG00000010623.1									Tcas|TC007896_001
OG0021863				Ctel|CapteT184965															Ofra|OFRAG00000004471.1, Ofra|OFRAG00000010002.1, Ofra|OFRAG00000017769.1, Ofra|OFRAG00000017770.1									
OG0021914				Ctel|CapteT153744, Ctel|CapteT195774, Ctel|CapteT215946, Ctel|CapteT41927															Ofra|OFRAG00000007982.1									
OG0022217							Gaeg|ctg1121-1.4-1					Lgig|LotgiT60463				Ngen|g17835.t1			Ofra|OFRAG00000002931.1	Ofus|OFUSG15887.2								
OG0022252								Hmia|HMIM016359-RA, Hmia|HMIM016360-RA, Hmia|HMIM021187-RA, Hmia|HMIM021188-RA											Ofra|OFRAG00000010119.1									
OG0022398									Hrob|HelroT168293			Lgig|LotgiT169554							Ofra|OFRAG00000003852.1								Spur|SPU_007358-tr, Spur|SPU_009421-tr	
OG0022417									Hrob|HelroT86867										Ofra|OFRAG00000008400.1						Smar|SMAR005955-RA	Smed|SMEST032749001.1	Spur|SPU_010876-tr	
OG0022455										Hsap|ENST00000264234, Hsap|ENST00000616789				Locu|ENSLOCT00000003251, Locu|ENSLOCT00000005773					Ofra|OFRAG00000015471.1									
OG0023409																Ngen|g27457.t1, Ngen|g34130.t1			Ofra|OFRAG00000002173.1		Paus|g14870.t1, Paus|g912.t1							
OG0023582																			Ofra|OFRAG00000001330.1		Paus|g18512.t1, Paus|g18513.t1, Paus|g19508.t1, Paus|g19509.t1							
OG0023590																			Ofra|OFRAG00000006046.1	Ofus|OFUSG03627.1, Ofus|OFUSG03628.1, Ofus|OFUSG07895.1, Ofus|OFUSG18914.1								
OG0024222	Blan|BL63398_cuf0, Blan|BL96313_cuf3																		Ofra|OFRAG00000016329.1		Paus|g20098.t1							
OG0024318	Blan|BL02441_cuf1, Blan|BL14733_cuf0																Nvec|EDO39742		Ofra|OFRAG00000014848.1									
OG0024862		Bpla|18013_Bpl_scaf_21302-0.2-mRNA-1, Bpla|18013_Bpl_scaf_21302-0.26-mRNA-1																	Ofra|OFRAG00000015646.1							Smed|SMEST063384001.1		
OG0025133			Cgig|EKC42374								Lana|g6157.t1				Myes|XM_021522260.1				Ofra|OFRAG00000002196.1									
OG0025367				Ctel|CapteT123417, Ctel|CapteT219198, Ctel|CapteT220732															Ofra|OFRAG00000009609.1									
OG0025392				Ctel|CapteT93585							Lana|g13367.t1	Lgig|LotgiT124064							Ofra|OFRAG00000007130.1									
OG0025579				Ctel|CapteT189959			Gaeg|ctg7226-0.0-1					Lgig|LotgiT157609							Ofra|OFRAG00000015708.1									
OG0025807						Eand|evm.model.Chr04.2428										Ngen|g2691.t1, Ngen|g37489.t1			Ofra|OFRAG00000013180.1									
OG0026129								Hmia|HMIM007109-RA, Hmia|HMIM007110-RA, Hmia|HMIM021690-RA											Ofra|OFRAG00000014108.1									
OG0026237								Hmia|HMIM005507-RA, Hmia|HMIM005508-RA, Hmia|HMIM005509-RA											Ofra|OFRAG00000003043.1									
OG0026249								Hmia|HMIM004867-RA								Ngen|g14854.t1, Ngen|g30606.t1			Ofra|OFRAG00000010073.1									
OG0026283									Hrob|HelroT163211										Ofra|OFRAG00000009591.1, Ofra|OFRAG00000009592.1, Ofra|OFRAG00000014752.1									
OG0026303									Hrob|HelroT77977							Ngen|g7491.t1	Nvec|EDO35055		Ofra|OFRAG00000015132.1									
OG0026322									Hrob|HelroT176125		Lana|g1877.t1						Nvec|EDO38657		Ofra|OFRAG00000008235.1									
OG0026329									Hrob|HelroT114110, Hrob|HelroT177728, Hrob|HelroT194533										Ofra|OFRAG00000002872.1									
OG0026569											Lana|g17147.t1, Lana|g21014.t1, Lana|g5588.t1								Ofra|OFRAG00000013592.1									
OG0027843																Ngen|g12709.t1			Ofra|OFRAG00000013692.1, Ofra|OFRAG00000015565.1								Spur|SPU_004552-tr	
OG0028025																	Nvec|EDO48899		Ofra|OFRAG00000000183.1, Ofra|OFRAG00000000184.1, Ofra|OFRAG00000000185.1									
OG0028268																			Ofra|OFRAG00000000916.1, Ofra|OFRAG00000008137.1							Smed|SMEST081436001.1, Smed|SMEST081436002.1		
OG0028277																			Ofra|OFRAG00000002030.1, Ofra|OFRAG00000015418.1, Ofra|OFRAG00000017868.1	Ofus|OFUSG18759.1								
OG0028279																			Ofra|OFRAG00000002646.1, Ofra|OFRAG00000012272.1	Ofus|OFUSG17184.1, Ofus|OFUSG25296.1								
OG0028282																			Ofra|OFRAG00000002870.1	Ofus|OFUSG25587.2, Ofus|OFUSG25588.1							Spur|SPU_022067-tr	
OG0028294																			Ofra|OFRAG00000005996.1						Smar|SMAR014743-RA		Spur|SPU_019916-tr, Spur|SPU_026114-tr	
OG0028300																			Ofra|OFRAG00000009145.1					Skow|PAC_23923923, Skow|PAC_23923924, Skow|PAC_23954428				
OG0029413	Blan|BL01618_cuf1													Locu|ENSLOCT00000008774					Ofra|OFRAG00000017738.1									
OG0029777	Blan|BL25784_evm0					Eand|evm.model.Chr02.3108													Ofra|OFRAG00000014731.1									
OG0029847	Blan|BL11602_cuf8																Nvec|EDO40770		Ofra|OFRAG00000013465.1									
OG0029894	Blan|BL19446_evm0																Nvec|EDO31311		Ofra|OFRAG00000015539.1									
OG0030883			Cgig|EKC19163, Cgig|EKC30405																Ofra|OFRAG00000001125.1									
OG0030993			Cgig|EKC19945												Myes|XM_021519794.1				Ofra|OFRAG00000010058.2									
OG0031393				Ctel|CapteT47265															Ofra|OFRAG00000013073.1	Ofus|OFUSG06810.1								
OG0031541					Dgyr|DgyrT14883														Ofra|OFRAG00000001001.1, Ofra|OFRAG00000001002.1									
OG0031824						Eand|evm.model.ctg6160.2											Nvec|EDO30352		Ofra|OFRAG00000008674.1									
OG0031834							Gaeg|ctg3525-0.4-1												Ofra|OFRAG00000001642.1					Skow|PAC_23925950				
OG0031973							Gaeg|ctg5-8.10-1					Lgig|LotgiT171705							Ofra|OFRAG00000003112.1									
OG0032259								Hmia|HMIM012523-RA, Hmia|HMIM012525-RA											Ofra|OFRAG00000002369.1									
OG0032431								Hmia|HMIM012410-RA											Ofra|OFRAG00000002031.1, Ofra|OFRAG00000016177.1									
OG0032460									Hrob|HelroT160508										Ofra|OFRAG00000001058.1, Ofra|OFRAG00000001059.1									
OG0032504									Hrob|HelroT146064										Ofra|OFRAG00000005356.1, Ofra|OFRAG00000005362.1									
OG0032745										Hsap|ENST00000536545				Locu|ENSLOCT00000017603					Ofra|OFRAG00000015472.1									
OG0033037											Lana|g10459.t1, Lana|g25280.t1								Ofra|OFRAG00000001507.1									
OG0033225											Lana|g22992.t1, Lana|g24125.t1								Ofra|OFRAG00000012856.1									
OG0033263											Lana|g28285.t1								Ofra|OFRAG00000000193.1							Smed|SMEST076787002.1		
OG0033417												Lgig|LotgiT145212				Ngen|g11481.t1			Ofra|OFRAG00000013211.1									
OG0034867																Ngen|g8373.t1			Ofra|OFRAG00000004318.1	Ofus|OFUSG13012.1								
OG0034927																Ngen|g10660.t1, Ngen|g10662.t1			Ofra|OFRAG00000002710.1									
OG0035352																Ngen|g36669.t1, Ngen|g42671.t1			Ofra|OFRAG00000007396.1									
OG0035507																	Nvec|EDO39539		Ofra|OFRAG00000001519.1, Ofra|OFRAG00000001574.1									
OG0035516																	Nvec|EDO38438, Nvec|EDO38439		Ofra|OFRAG00000006140.1									
OG0035583																	Nvec|EDO26124		Ofra|OFRAG00000000163.1, Ofra|OFRAG00000008623.1									
OG0035585																	Nvec|EDO25732		Ofra|OFRAG00000013542.1								Spur|SPU_003347-tr	
OG0035586																	Nvec|EDO25511		Ofra|OFRAG00000003745.1									Tcas|TC006823_001
OG0035869																			Ofra|OFRAG00000000835.1, Ofra|OFRAG00000000836.1		Paus|g9746.t1							
OG0035902																			Ofra|OFRAG00000005899.1, Ofra|OFRAG00000005901.1							Smed|SMEST076590001.1		
OG0035913																			Ofra|OFRAG00000007306.2							Smed|SMEST009948001.1, Smed|SMEST009948002.1		
OG0035932																			Ofra|OFRAG00000012504.1							Smed|SMEST046192003.1, Smed|SMEST046192004.1		
OG0035935																			Ofra|OFRAG00000012706.1							Smed|SMEST012965001.1, Smed|SMEST012965002.1		
OG0035943																			Ofra|OFRAG00000016189.1	Ofus|OFUSG24347.1, Ofus|OFUSG24349.1								
OG0035945																			Ofra|OFRAG00000017817.1						Smar|SMAR008229-RA			Tcas|TC011379_001
OG0038420	Blan|BL21071_cuf1																		Ofra|OFRAG00000001414.1									
OG0039672			Cgig|EKC43146																Ofra|OFRAG00000013070.1									
OG0040413				Ctel|CapteT217637															Ofra|OFRAG00000007661.1									
OG0040645				Ctel|CapteT90095															Ofra|OFRAG00000007492.1									
OG0040885				Ctel|CapteT218914															Ofra|OFRAG00000010374.1									
OG0040973				Ctel|CapteT220248															Ofra|OFRAG00000008700.1									
OG0041110				Ctel|CapteT96192															Ofra|OFRAG00000017618.1									
OG0041118				Ctel|CapteT91181															Ofra|OFRAG00000017604.1									
OG0041181				Ctel|CapteT201700															Ofra|OFRAG00000017599.1									
OG0041184				Ctel|CapteT147511															Ofra|OFRAG00000017615.1									
OG0041529						Eand|evm.model.Chr02.542													Ofra|OFRAG00000011328.1									
OG0041975						Eand|evm.model.ctg555.15													Ofra|OFRAG00000014073.1									
OG0042951								Hmia|HMIM022423-RA											Ofra|OFRAG00000015427.1									
OG0043173									Hrob|HelroT78450										Ofra|OFRAG00000002246.1									
OG0043230									Hrob|HelroT137482										Ofra|OFRAG00000004737.1									
OG0043773										Hsap|ENST00000454397									Ofra|OFRAG00000015476.1									
OG0043963										Hsap|ENST00000382119									Ofra|OFRAG00000015469.1									
OG0044166										Hsap|ENST00000646160									Ofra|OFRAG00000015474.1									
OG0044391											Lana|g3307.t1								Ofra|OFRAG00000009399.1									
OG0044706											Lana|g10386.t1								Ofra|OFRAG00000005731.1									
OG0045595												Lgig|LotgiT200031							Ofra|OFRAG00000015017.1									
OG0047212															Myes|XM_021488653.1				Ofra|OFRAG00000012344.1									
OG0047415																Ngen|g2133.t1			Ofra|OFRAG00000011310.1									
OG0048605																Ngen|g23402.t1			Ofra|OFRAG00000003335.1									
OG0049540																	Nvec|EDO29318		Ofra|OFRAG00000015517.1									
OG0049590																	Nvec|EDO25508		Ofra|OFRAG00000015516.1									
OG0050475																			Ofra|OFRAG00000008395.1						Smar|SMAR006085-RA			
OG0050490																			Ofra|OFRAG00000009738.1								Spur|SPU_018350-tr	
OG0050557																			Ofra|OFRAG00000015038.1									Tcas|TC007554_001
OG0050582																			Ofra|OFRAG00000017270.1								Spur|SPU_011286-tr	
