OG0000167	capitella			\tCapteT120274	K02977	
OG0000167	capitella			\tCapteT123287		
OG0000167	capitella			\tCapteT128415	K23390	
OG0000167	capitella			\tCapteT147724	K08770	
OG0000167	capitella			\tCapteT162204	K08770	
OG0000167	capitella			\tCapteT174075	K12158	
OG0000167	capitella			\tCapteT186294	K08770	
OG0000167	capitella			\tCapteT192594	K08770	
OG0000167	capitella			\tCapteT19671
CapteT196792
CapteT196793
CapteT196796
CapteT196797
CapteT196799
CapteT196712
CapteT196715
CapteT196716
CapteT196718
CapteT196721
CapteT196722
CapteT196723
CapteT196725
CapteT196727
CapteT196728
CapteT196729
CapteT196731
CapteT196735
CapteT196737
CapteT196766
CapteT196769
CapteT1967
CapteT196700
CapteT196701
CapteT196777
CapteT196778
CapteT196786
CapteT196738
CapteT196739
CapteT196707
CapteT196708
CapteT196743
CapteT196704
CapteT196750
CapteT196752
CapteT196753
CapteT196755
CapteT196756
CapteT196703
CapteT196705
CapteT196706
CapteT196709
CapteT196740
CapteT196741
CapteT196744
CapteT196745
CapteT196746
CapteT196747
CapteT196748
CapteT196749
CapteT196758
CapteT196759
CapteT196760
CapteT196761
CapteT196762
CapteT196763
CapteT196765
CapteT196771
CapteT196773
CapteT196774
CapteT196775
CapteT196789
CapteT196790	










K14386
K06560








K04978
K08770
K05312

K01022



K16330
K13289


K04615












K22614







K08190







K01446	
OG0000167	capitella			\tCapteT206761	K23388	
OG0000167	capitella			\tCapteT30910	K02977	
OG0000167	capitella			\tCapteT50757	K02977	
OG0000167	capitella			\tCapteT50765	K02977	
OG0000167	capitella			\tCapteT58980	K08770	
OG0000167	capitella			\tCapteT61275	K08770	
OG0000167	capitella			\tCapteT61666	K02977	
OG0000167	capitella			\tCapteT79632	K08770	
OG0000285	capitella			\tCapteT103865	K06233	
OG0000285	capitella			\tCapteT107051	K06233	
OG0000285	capitella			\tCapteT117578	K24498	
OG0000285	capitella			\tCapteT126815	K24498	
OG0000285	capitella			\tCapteT143359	K06233	
OG0000285	capitella			\tCapteT205500	K04550	
OG0000285	capitella			\tCapteT210412		
OG0000285	capitella			\tCapteT221039		
OG0000285	capitella			\tCapteT30707	K03068	
OG0000285	capitella			\tCapteT69159	K24434	
OG0000285	capitella			\tCapteT79900	K04550	
OG0000444	capitella			\tCapteT132588	K05673	
OG0000444	capitella			\tCapteT146185	K05673	
OG0000444	capitella			\tCapteT148727	K05673	
OG0000444	capitella			\tCapteT212470	K05673	
OG0000444	capitella			\tCapteT225775	K05673	
OG0000444	capitella			\tCapteT62245	K05673	
OG0000477	capitella			\tCapteT198372		
OG0000477	capitella			\tCapteT210574		
OG0000477	capitella			\tCapteT228405		
OG0000477	capitella			\tCapteT65944		
OG0000565	capitella			\tCapteT181527
CapteT181535
CapteT181552
CapteT181561
CapteT181564
CapteT181567
CapteT181571
CapteT181574
CapteT181579
CapteT181583
CapteT181595
CapteT1815
CapteT181503
CapteT181514
CapteT181516
CapteT181524	K22864

K00297
K22659


K00627

K21894
K15734

K10447
K07819
K12481
K17404
K16185	
OG0000565	capitella			\tCapteT99560	K10447	
OG0000593	capitella			\tCapteT188165		
OG0000593	capitella			\tCapteT190418	K04828	
OG0000593	capitella			\tCapteT190760	K04828	
OG0000593	capitella			\tCapteT202284		
OG0000593	capitella			\tCapteT211308		
OG0000593	capitella			\tCapteT215957		
OG0000599							
OG0000620	capitella			\tCapteT107367		
OG0000620	capitella			\tCapteT107368		
OG0000620	capitella			\tCapteT109188		
OG0000620	capitella			\tCapteT110454		
OG0000620	capitella			\tCapteT130059		
OG0000620	capitella			\tCapteT132376		
OG0000620	capitella			\tCapteT134421		
OG0000620	capitella			\tCapteT194984		
OG0000620	capitella			\tCapteT216210		
OG0000620	capitella			\tCapteT23500		
OG0000620	capitella			\tCapteT26208		
OG0000620	capitella			\tCapteT26496		
OG0000620	capitella			\tCapteT28295		
OG0000620	capitella			\tCapteT28603		
OG0000620	capitella			\tCapteT30221		
OG0000620	capitella			\tCapteT30266		
OG0000620	capitella			\tCapteT31283		
OG0000620	capitella			\tCapteT31444		
OG0000620	capitella			\tCapteT31657		
OG0000631	capitella			\tCapteT184970	K23209	
OG0000631	capitella			\tCapteT190460	K23209	
OG0000717	capitella			\tCapteT201720		
OG0000717	capitella			\tCapteT213238	K15255	
OG0000767	capitella			\tCapteT186759		
OG0000767	capitella			\tCapteT188324		
OG0000767	capitella			\tCapteT194662		
OG0000767	capitella			\tCapteT202878		
OG0000767	capitella			\tCapteT208319		
OG0000767	capitella			\tCapteT209157		
OG0000767	capitella			\tCapteT210050		
OG0000767	capitella			\tCapteT214976		
OG0000767	capitella			\tCapteT215845		
OG0000767	capitella			\tCapteT215909		
OG0000787							
OG0001003							
OG0001091	capitella			\tCapteT112001	K06776	
OG0001091	capitella			\tCapteT112495		
OG0001126	capitella			\tCapteT4162	K09228	
OG0001158	capitella			\tCapteT102045		
OG0001158	capitella			\tCapteT112710		
OG0001158	capitella			\tCapteT112995		
OG0001158	capitella			\tCapteT117266		
OG0001158	capitella			\tCapteT126656		
OG0001158	capitella			\tCapteT127392		
OG0001158	capitella			\tCapteT140253		
OG0001158	capitella			\tCapteT140334		
OG0001158	capitella			\tCapteT144092		
OG0001158	capitella			\tCapteT145916		
OG0001158	capitella			\tCapteT29229		
OG0001158	capitella			\tCapteT29338		
OG0001158	capitella			\tCapteT31793		
OG0001158	capitella			\tCapteT67680		
OG0001158	capitella			\tCapteT71830		
OG0001158	capitella			\tCapteT89016		
OG0001158	capitella			\tCapteT93770		
OG0001195							
OG0001224	capitella			\tCapteT198930		
OG0001224	capitella			\tCapteT214961		
OG0001224	capitella			\tCapteT217537		
OG0001517							
OG0001603	capitella			\tCapteT104600	K14165	
OG0001635	capitella			\tCapteT191446		
OG0001635	capitella			\tCapteT192178		
OG0001783	capitella			\tCapteT147496	K11446	
OG0001914	capitella			\tCapteT103637	K12163	
OG0001914	capitella			\tCapteT171714	K24687	
OG0001971							
OG0002083	capitella			\tCapteT196756		
OG0002083	capitella			\tCapteT214463		
OG0002211							
OG0002219	capitella			\tCapteT226015	K08789	
OG0002250							
OG0002402	capitella			\tCapteT20171
CapteT201710
CapteT201711
CapteT201714
CapteT201716
CapteT201717
CapteT201718
CapteT201719	K13094	
OG0002402	capitella			\tCapteT227192	K13094	
OG0002438	capitella			\tCapteT227494	K11346	
OG0002438	capitella			\tCapteT87477	K11346	
OG0002455	capitella			\tCapteT201951		
OG0002455	capitella			\tCapteT92078	K04828	
OG0002455	capitella			\tCapteT98205	K04828	
OG0002737	capitella			\tCapteT164238		
OG0002763							
OG0002777	capitella			\tCapteT145251	K07378	
OG0002777	capitella			\tCapteT145259	K07378	
OG0002786							
OG0002912	capitella			\tCapteT147235	K24675	
OG0002912	capitella			\tCapteT169880	K24675	
OG0003193	capitella			\tCapteT152651		
OG0003286							
OG0003352	capitella			\tCapteT197005	K00710	
OG0003466							
OG0003666	capitella			\tCapteT161420	K02263	
OG0003666	capitella			\tCapteT220890	K02263	
OG0003743	capitella			\tCapteT182934	K17043	
OG0003772	capitella			\tCapteT52524	K16911	
OG0003804	capitella			\tCapteT115707		
OG0004228	capitella			\tCapteT179768	K11091	
OG0004246							
OG0004258	capitella			\tCapteT180051	K17086	
OG0004269	capitella			\tCapteT173744	K02136	
OG0004269	capitella			\tCapteT95270	K02136	
OG0004337	capitella			\tCapteT227575	K14317	
OG0004344	capitella			\tCapteT163453	K11279	
OG0004499	capitella			\tCapteT125914		
OG0004499	capitella			\tCapteT209020		
OG0004499	capitella			\tCapteT30842		
OG0004499	capitella			\tCapteT70193		
OG0004499	capitella			\tCapteT81038		
OG0004499	capitella			\tCapteT97653		
OG0004636	capitella			\tCapteT193132
CapteT193137
CapteT193138
CapteT193139
CapteT19313	

K06560

K04644	
OG0004800	capitella			\tCapteT215733	K15193	
OG0004800	capitella			\tCapteT222874	K15193	
OG0004800	capitella			\tCapteT228790	K15193	
OG0004829	capitella			\tCapteT169991	K18266	
OG0004901							
OG0004940	capitella			\tCapteT186812		
OG0004940	capitella			\tCapteT188628		
OG0004940	capitella			\tCapteT189558		
OG0004940	capitella			\tCapteT192254		
OG0004940	capitella			\tCapteT194696		
OG0004940	capitella			\tCapteT196676		
OG0004940	capitella			\tCapteT196694		
OG0004940	capitella			\tCapteT196851		
OG0004940	capitella			\tCapteT197953	K02186	
OG0004940	capitella			\tCapteT198804		
OG0004940	capitella			\tCapteT198981		
OG0004940	capitella			\tCapteT201707	K02186	
OG0004940	capitella			\tCapteT202174		
OG0004940	capitella			\tCapteT203556		
OG0004940	capitella			\tCapteT203560		
OG0004940	capitella			\tCapteT204243		
OG0004940	capitella			\tCapteT206897		
OG0004940	capitella			\tCapteT208742		
OG0004940	capitella			\tCapteT208908		
OG0004940	capitella			\tCapteT208910	K02186	
OG0004940	capitella			\tCapteT208967		
OG0004940	capitella			\tCapteT209582		
OG0004940	capitella			\tCapteT210030		
OG0004940	capitella			\tCapteT211636		
OG0004940	capitella			\tCapteT213225		
OG0004940	capitella			\tCapteT215568		
OG0004940	capitella			\tCapteT216724		
OG0004940	capitella			\tCapteT217558		
OG0004940	capitella			\tCapteT220723		
OG0004940	capitella			\tCapteT223019		
OG0004950							
OG0004971	capitella			\tCapteT115876		
OG0005017	capitella			\tCapteT40174		
OG0005041	capitella			\tCapteT199916	K10454	
OG0005041	capitella			\tCapteT206441	K10454	
OG0005041	capitella			\tCapteT217877	K10454	
OG0005041	capitella			\tCapteT89766	K10454	
OG0005057	capitella			\tCapteT21878
CapteT218781
CapteT218782
CapteT218789
CapteT218786
CapteT218787	
K10391

K15429

K16498	
OG0005262	capitella			\tCapteT155993	K03061	
OG0005290	capitella			\tCapteT179082	K07912	
OG0005574	capitella			\tCapteT2168
CapteT21681
CapteT216864
CapteT216866
CapteT216867
CapteT216868
CapteT216869
CapteT216870
CapteT216805
CapteT216814
CapteT216817
CapteT216822
CapteT216827
CapteT216831
CapteT216833
CapteT216835
CapteT216836
CapteT216837
CapteT216838
CapteT216871
CapteT216872
CapteT216877
CapteT216878
CapteT216883
CapteT216885
CapteT216886
CapteT21682
CapteT216899
CapteT216847
CapteT216846
CapteT216800
CapteT216802
CapteT216803
CapteT216804
CapteT216841
CapteT216842
CapteT216843
CapteT216887
CapteT216888
CapteT216889
CapteT216891
CapteT216897	K13110
K00799



K04975


K04599

K06059

K23437


K06839

K06839
K17256




K07964
K04284

K08752
K00827



K22754


K04134




K19636	
OG0005607	capitella			\tCapteT192094		
OG0005607	capitella			\tCapteT215809		
OG0005607	capitella			\tCapteT228535		
OG0005837	capitella			\tCapteT204610		
OG0005899	capitella			\tCapteT221184	K11655	
OG0006112							
OG0006114	capitella			\tCapteT176954	K10730	
OG0006125	capitella			\tCapteT178519	K01520	
OG0006159	capitella			\tCapteT136066	K23637	
OG0006159	capitella			\tCapteT138465		
OG0006159	capitella			\tCapteT138466		
OG0006159	capitella			\tCapteT197268	K23637	
OG0006159	capitella			\tCapteT199382		
OG0006159	capitella			\tCapteT202790		
OG0006159	capitella			\tCapteT220454		
OG0006159	capitella			\tCapteT223873		
OG0006162	capitella			\tCapteT215396		
OG0006167	capitella			\tCapteT181876		
OG0006174	capitella			\tCapteT217574		
OG0006181							
OG0006212	capitella			\tCapteT168008	K18798	
OG0006225							
OG0006384	capitella			\tCapteT180978	K11319	
OG0006443	capitella			\tCapteT163156	K10732	
OG0006443	capitella			\tCapteT196861	K10732	
OG0006446	capitella			\tCapteT196504		
OG0006446	capitella			\tCapteT206610		
OG0006476	capitella			\tCapteT195645		
OG0006476	capitella			\tCapteT225913	K23841	
OG0006511	capitella			\tCapteT148335		
OG0006595							
OG0006690	capitella			\tCapteT181352	K17797	
OG0006805	capitella			\tCapteT140461	K14008	
OG0006828	capitella			\tCapteT175158	K17770	
OG0006996	capitella			\tCapteT218919	K07870	
OG0007024	capitella			\tCapteT224976	K24024	
OG0007078	capitella			\tCapteT209893	K14809	
OG0007086	capitella			\tCapteT193565		
OG0007086	capitella			\tCapteT204993		
OG0007086	capitella			\tCapteT227434		
OG0007086	capitella			\tCapteT228629		
OG0007103	capitella			\tCapteT220844	K15710	
OG0007173							
OG0007281	capitella			\tCapteT104529	K06106	
OG0007466	capitella			\tCapteT224647	K18417	
OG0007468	capitella			\tCapteT70142		
OG0007468	capitella			\tCapteT81335		
OG0007562	capitella			\tCapteT106046		
OG0007562	capitella			\tCapteT106292		
OG0007562	capitella			\tCapteT116010		
OG0007562	capitella			\tCapteT116447		
OG0007562	capitella			\tCapteT117399		
OG0007562	capitella			\tCapteT120632		
OG0007562	capitella			\tCapteT123195		
OG0007562	capitella			\tCapteT132558		
OG0007562	capitella			\tCapteT132690		
OG0007562	capitella			\tCapteT133936		
OG0007562	capitella			\tCapteT134728		
OG0007562	capitella			\tCapteT186251		
OG0007562	capitella			\tCapteT193823		
OG0007562	capitella			\tCapteT196690		
OG0007562	capitella			\tCapteT201871		
OG0007562	capitella			\tCapteT205932		
OG0007562	capitella			\tCapteT207274		
OG0007562	capitella			\tCapteT64769		
OG0007562	capitella			\tCapteT65122		
OG0007562	capitella			\tCapteT66202		
OG0007562	capitella			\tCapteT68910		
OG0007562	capitella			\tCapteT77903		
OG0007562	capitella			\tCapteT81014		
OG0007562	capitella			\tCapteT81121		
OG0007596	capitella			\tCapteT128601		
OG0007720	capitella			\tCapteT225763		
OG0007757	capitella			\tCapteT111414	K12621	
OG0007815	capitella			\tCapteT227823		
OG0008049	capitella			\tCapteT166461		
OG0008063							
OG0008105	capitella			\tCapteT218942	K02866	
OG0008150	capitella			\tCapteT208671	K02990	
OG0008313							
OG0008335							
OG0008386							
OG0008388							
OG0008404	capitella			\tCapteT119324		
OG0008431							
OG0008467	capitella			\tCapteT220818	K04556	
OG0008485	capitella			\tCapteT198078	K18160	
OG0008523	capitella			\tCapteT219908		
OG0008535							
OG0008567	capitella			\tCapteT219371	K23310	
OG0008572	capitella			\tCapteT228865	K08366	
OG0008604							
OG0008627							
OG0008675	capitella			\tCapteT107686	K14825	
OG0008841	capitella			\tCapteT172488	K21919	
OG0008841	capitella			\tCapteT51362	K21919	
OG0008842							
OG0008857	capitella			\tCapteT221674	K11088	
OG0008883	capitella			\tCapteT136848	K02153	
OG0008890	capitella			\tCapteT150459		
OG0008921	capitella			\tCapteT221104		
OG0008944	capitella			\tCapteT213768	K10301	
OG0008950	capitella			\tCapteT193913	K14784	
OG0008970	capitella			\tCapteT103555	K12163	
OG0008996							
OG0009006	capitella			\tCapteT212702	K22414	
OG0009019							
OG0009053							
OG0009079							
OG0009121	capitella			\tCapteT203305	K12161	
OG0009149	capitella			\tCapteT104684		
OG0009156	capitella			\tCapteT152987	K13335	
OG0009271	capitella			\tCapteT182983		
OG0009287							
OG0009295							
OG0009343							
OG0009344							
OG0009393	capitella			\tCapteT184839		
OG0009393	capitella			\tCapteT185992		
OG0009393	capitella			\tCapteT192087		
OG0009393	capitella			\tCapteT195211		
OG0009393	capitella			\tCapteT196521		
OG0009393	capitella			\tCapteT197074		
OG0009393	capitella			\tCapteT197462		
OG0009393	capitella			\tCapteT204820		
OG0009393	capitella			\tCapteT209499		
OG0009393	capitella			\tCapteT209938		
OG0009393	capitella			\tCapteT210062		
OG0009393	capitella			\tCapteT211426		
OG0009393	capitella			\tCapteT214175		
OG0009393	capitella			\tCapteT217622		
OG0009428	capitella			\tCapteT225717	K19197	
OG0009443	capitella			\tCapteT44181	K23610	
OG0009541	capitella			\tCapteT175075		
OG0009544	capitella			\tCapteT149878	K23864	
OG0009686	capitella			\tCapteT130558	K17689	
OG0009730							
OG0009749	capitella			\tCapteT43589		
OG0009822	capitella			\tCapteT193805	K19401	
OG0009832	capitella			\tCapteT130893		
OG0009832	capitella			\tCapteT131090	K20828	
OG0009832	capitella			\tCapteT131152		
OG0009832	capitella			\tCapteT39932	K09234	
OG0009832	capitella			\tCapteT70173	K20828	
OG0009832	capitella			\tCapteT88579	K09206	
OG0009834	capitella			\tCapteT186092	K10600	
OG0009854							
OG0009915	capitella			\tCapteT220716	K16539	
OG0009941	capitella			\tCapteT30388		
OG0009952							
OG0010020							
OG0010023	capitella			\tCapteT172031	K15046	
OG0010035	capitella			\tCapteT162455	K06975	
OG0010037							
OG0010093							
OG0010098	capitella			\tCapteT93215	K15626	
OG0010101							
OG0010104	capitella			\tCapteT120385	K12668	
OG0010104	capitella			\tCapteT162646	K12668	
OG0010106							
OG0010113	capitella			\tCapteT227075	K15223	
OG0010123	capitella			\tCapteT107503	K16506	
OG0010123	capitella			\tCapteT87275	K16506	
OG0010125							
OG0010128	capitella			\tCapteT213675	K17867	
OG0010188	capitella			\tCapteT101154		
OG0010188	capitella			\tCapteT154514		
OG0010189	capitella			\tCapteT223205		
OG0010199	capitella			\tCapteT198279	K22682	
OG0010199	capitella			\tCapteT215312	K22682	
OG0010203	capitella			\tCapteT188763	K06051	
OG0010203	capitella			\tCapteT193075		
OG0010203	capitella			\tCapteT196439		
OG0010203	capitella			\tCapteT197234		
OG0010203	capitella			\tCapteT201656		
OG0010203	capitella			\tCapteT201662		
OG0010203	capitella			\tCapteT203566		
OG0010203	capitella			\tCapteT204642		
OG0010203	capitella			\tCapteT204896		
OG0010203	capitella			\tCapteT205896		
OG0010203	capitella			\tCapteT206572		
OG0010203	capitella			\tCapteT207502		
OG0010203	capitella			\tCapteT212884		
OG0010203	capitella			\tCapteT213418		
OG0010203	capitella			\tCapteT216804		
OG0010203	capitella			\tCapteT218149		
OG0010203	capitella			\tCapteT226478	K24610	
OG0010203	capitella			\tCapteT228596		
OG0010215	capitella			\tCapteT102686	K22069	
OG0010215	capitella			\tCapteT137756	K22069	
OG0010306	capitella			\tCapteT164360	K10456	
OG0010312							
OG0010331	capitella			\tCapteT228408		
OG0010352	capitella			\tCapteT190277		
OG0010352	capitella			\tCapteT27427		
OG0010352	capitella			\tCapteT30525		
OG0010352	capitella			\tCapteT30869		
OG0010352	capitella			\tCapteT31267		
OG0010368							
OG0010382	capitella			\tCapteT117799	K07190	
OG0010382	capitella			\tCapteT126219	K09228	
OG0010382	capitella			\tCapteT134200	K07190	
OG0010382	capitella			\tCapteT136279		
OG0010382	capitella			\tCapteT145042	K07190	
OG0010382	capitella			\tCapteT223382	K07190	
OG0010382	capitella			\tCapteT37685	K07190	
OG0010382	capitella			\tCapteT69356		
OG0010382	capitella			\tCapteT78287	K06560	
OG0010382	capitella			\tCapteT79144		
OG0010382	capitella			\tCapteT81635	K09228	
OG0010382	capitella			\tCapteT96604	K06560	
OG0010382	capitella			\tCapteT96895		
OG0010382	capitella			\tCapteT97437	K09228	
OG0010394							
OG0010443							
OG0010449	capitella			\tCapteT91123	K17637	
OG0010450	capitella			\tCapteT224281		
OG0010472	capitella			\tCapteT146577		
OG0010477							
OG0010496	capitella			\tCapteT185658		
OG0010496	capitella			\tCapteT196536		
OG0010496	capitella			\tCapteT199997		
OG0010496	capitella			\tCapteT209860		
OG0010496	capitella			\tCapteT213058		
OG0010496	capitella			\tCapteT216352	K23209	
OG0010587							
OG0010588	capitella			\tCapteT177887	K10453	
OG0010597							
OG0010598	capitella			\tCapteT213316	K15211	
OG0010633	capitella			\tCapteT109881	K07213	
OG0010660	capitella			\tCapteT222558		
OG0010674	capitella			\tCapteT59569	K03359	
OG0010692							
OG0010708	capitella			\tCapteT203936		
OG0010708	capitella			\tCapteT217626		
OG0010734	capitella			\tCapteT161527	K10447	
OG0010734	capitella			\tCapteT204952	K10447	
OG0010736							
OG0010742							
OG0010759	capitella			\tCapteT193868	K20043	
OG0010807							
OG0010838							
OG0010885	capitella			\tCapteT210082		
OG0010885	capitella			\tCapteT217310		
OG0010923							
OG0010959	capitella			\tCapteT227750	K04442	
OG0010961							
OG0010987	capitella			\tCapteT199259		
OG0010987	capitella			\tCapteT221754		
OG0011001							
OG0011010							
OG0011034							
OG0011064	capitella			\tCapteT100437		
OG0011064	capitella			\tCapteT108009		
OG0011064	capitella			\tCapteT110058		
OG0011064	capitella			\tCapteT119657		
OG0011064	capitella			\tCapteT66627		
OG0011064	capitella			\tCapteT70846		
OG0011064	capitella			\tCapteT86124		
OG0011064	capitella			\tCapteT86125		
OG0011064	capitella			\tCapteT90188		
OG0011064	capitella			\tCapteT96693		
OG0011101							
OG0011144							
OG0011177							
OG0011194	capitella			\tCapteT63266	K09228	
OG0011195							
OG0011220							
OG0011245							
OG0011247							
OG0011282							
OG0011297	capitella			\tCapteT214307		
OG0011302							
OG0011349	capitella			\tCapteT105212	K10104	
OG0011349	capitella			\tCapteT112123	K10104	
OG0011349	capitella			\tCapteT126237	K10104	
OG0011349	capitella			\tCapteT208028	K10104	
OG0011349	capitella			\tCapteT69158	K10104	
OG0011349	capitella			\tCapteT95494	K10104	
OG0011349	capitella			\tCapteT97482	K10104	
OG0011361	capitella			\tCapteT188377	K23204	
OG0011361	capitella			\tCapteT192548		
OG0011361	capitella			\tCapteT195370		
OG0011361	capitella			\tCapteT197247		
OG0011361	capitella			\tCapteT198539	K23204	
OG0011361	capitella			\tCapteT198642		
OG0011361	capitella			\tCapteT200496		
OG0011361	capitella			\tCapteT201068	K23204	
OG0011361	capitella			\tCapteT208812		
OG0011361	capitella			\tCapteT210621	K23204	
OG0011361	capitella			\tCapteT215494	K23204	
OG0011361	capitella			\tCapteT216921		
OG0011361	capitella			\tCapteT228564		
OG0011365	capitella			\tCapteT134429		
OG0011365	capitella			\tCapteT139258		
OG0011365	capitella			\tCapteT140277	K17307	
OG0011365	capitella			\tCapteT189209	K23342	
OG0011365	capitella			\tCapteT191985	K08443	
OG0011365	capitella			\tCapteT207106	K23342	
OG0011365	capitella			\tCapteT207298	K22017	
OG0011365	capitella			\tCapteT51881	K23342	
OG0011365	capitella			\tCapteT61435	K16145	
OG0011365	capitella			\tCapteT61524	K23342	
OG0011365	capitella			\tCapteT80610		
OG0011365	capitella			\tCapteT92256	K17307	
OG0011365	capitella			\tCapteT97299		
OG0011384							
OG0011440							
OG0011535	capitella			\tCapteT157027	K22830	
OG0011550							
OG0011551	capitella			\tCapteT220352		
OG0011569							
OG0011578	capitella			\tCapteT164393	K02980	
OG0011594	capitella			\tCapteT41641	K05614	
OG0011594	capitella			\tCapteT81133	K05614	
OG0011599	capitella			\tCapteT23567	K10447	
OG0011636							
OG0011673	capitella			\tCapteT201947		
OG0011673	capitella			\tCapteT219935		
OG0011682	capitella			\tCapteT198392	K12472	
OG0011691	capitella			\tCapteT134506
CapteT134525
CapteT134465
CapteT134481
CapteT134538
CapteT134490
CapteT134512
CapteT134605
CapteT134617
CapteT134662
CapteT134640
CapteT134600
CapteT134641
CapteT134544
CapteT134558
CapteT134960
CapteT134952
CapteT134850
CapteT134859
CapteT134807
CapteT134812
CapteT134795
CapteT134797
CapteT134815
CapteT134925
CapteT134931
CapteT134921
CapteT134121
CapteT134203
CapteT134102
CapteT134200
CapteT134222
CapteT134234
CapteT134113
CapteT134249
CapteT134195
CapteT134174
CapteT134110
CapteT134108
CapteT134237
CapteT134293
CapteT134287
CapteT134985
CapteT134381
CapteT134388
CapteT134404
CapteT134059
CapteT134015
CapteT134027
CapteT134041
CapteT134421
CapteT134424
CapteT134681
CapteT134676
CapteT134678
CapteT134950
CapteT134970
CapteT134761
CapteT134762
CapteT134756
CapteT134768
CapteT134741
CapteT134735
CapteT134765
CapteT134783
CapteT134277
CapteT134085
CapteT134074
CapteT134075
CapteT134308
CapteT134305
CapteT134315
CapteT134314
CapteT134707
CapteT134280
CapteT134686
CapteT134944
CapteT134778
CapteT134714
CapteT134007
CapteT134318
CapteT134298
CapteT134728
CapteT134354
CapteT134296
CapteT134943
CapteT134350
CapteT134055
CapteT134057
CapteT134365
CapteT134428
CapteT134429
CapteT134727
CapteT134973
CapteT134	
K21486
K08746
K00753

K17088

K13912

K22868

K18123

K14445
K01136

K01904
K16669
K21862

K12471
K10735
K07189

K04284
K19511

K01942

K00016
K07190
K10639


K19483

K15538
K00551

K17046

K21918
K10443
K00718

K16603
K09214
K09214
K17548



K03424


K08892
K02135
K05129
K06233
K06839
K04307
K22377
K22377
K09534
K10143
K22022

K19511

K01017



K10104
K10251
K24469

K06560
K01930
K03650



K24177
K02832


K08059


K06252


K02183	
OG0011691	capitella			\tCapteT214165		
OG0011691	capitella			\tCapteT218483
CapteT218484
CapteT218486
CapteT21848	

K15485	
OG0011692	capitella			\tCapteT193568		
OG0011692	capitella			\tCapteT195465		
OG0011692	capitella			\tCapteT200747		
OG0011749							
OG0011766							
OG0011783							
OG0011840	capitella			\tCapteT37076	K21912	
OG0011842	capitella			\tCapteT156187	K10408	
OG0011842	capitella			\tCapteT157696	K10408	
OG0011859							
OG0011869							
OG0011899							
OG0011961	capitella			\tCapteT128664	K19511	
OG0011961	capitella			\tCapteT143934	K19511	
OG0011963	capitella			\tCapteT155984		
OG0012121							
OG0012150							
OG0012238							
OG0012270	capitella			\tCapteT102157	K03190	
OG0012270	capitella			\tCapteT223530	K03190	
OG0012277	capitella			\tCapteT225493		
OG0012277	capitella			\tCapteT227487		
OG0012289							
OG0012354	capitella			\tCapteT228978		
OG0012357	capitella			\tCapteT19108
CapteT191080
CapteT191081
CapteT191083
CapteT191087	


K22415
K07380	
OG0012364							
OG0012368	capitella			\tCapteT106116	K02350	
OG0012376							
OG0012418	capitella			\tCapteT188438		
OG0012483	capitella			\tCapteT192617	K20478	
OG0012527							
OG0012703	capitella			\tCapteT120172	K07422	
OG0012734	capitella			\tCapteT112999	K14354	
OG0012735							
OG0012752							
OG0012778							
OG0012808							
OG0012923	capitella			\tCapteT184962		
OG0012923	capitella			\tCapteT189935		
OG0012923	capitella			\tCapteT191405		
OG0012923	capitella			\tCapteT195965		
OG0012923	capitella			\tCapteT196528		
OG0012923	capitella			\tCapteT198534		
OG0012923	capitella			\tCapteT199780		
OG0012923	capitella			\tCapteT201836		
OG0012923	capitella			\tCapteT202670		
OG0012923	capitella			\tCapteT206882		
OG0012923	capitella			\tCapteT210634		
OG0012957							
OG0012989							
OG0012993							
OG0013032							
OG0013213							
OG0013215							
OG0013328	capitella			\tCapteT196617	K13956	
OG0013329	capitella			\tCapteT116178		
OG0013331							
OG0013379	capitella			\tCapteT193887		
OG0013400							
OG0013406	capitella			\tCapteT226055		
OG0013428	capitella			\tCapteT214751	K17541	
OG0013428	capitella			\tCapteT29504	K17541	
OG0013516	capitella			\tCapteT222840		
OG0013534	capitella			\tCapteT191801		
OG0013534	capitella			\tCapteT217943		
OG0013617							
OG0013673							
OG0013761							
OG0013765							
OG0013784							
OG0013827							
OG0013889	capitella			\tCapteT61479	K15001	
OG0013940	capitella			\tCapteT118024	K09228	
OG0013940	capitella			\tCapteT27310	K09228	
OG0013940	capitella			\tCapteT60550	K09228	
OG0013940	capitella			\tCapteT70417	K09228	
OG0013940	capitella			\tCapteT98696	K09203	
OG0014035	capitella			\tCapteT112514	K10395	
OG0014044	capitella			\tCapteT217263		
OG0014074	capitella			\tCapteT169125	K02924	
OG0014111							
OG0014118							
OG0014132							
OG0014150	capitella			\tCapteT70941	K11251	
OG0014161	capitella			\tCapteT26975	K14963	
OG0014183	capitella			\tCapteT193537		
OG0014183	capitella			\tCapteT210839		
OG0014202	capitella			\tCapteT196283		
OG0014202	capitella			\tCapteT202479		
OG0014204	capitella			\tCapteT213103		
OG0014205	capitella			\tCapteT147644	K19949	
OG0014205	capitella			\tCapteT185768	K19949	
OG0014341							
OG0014395							
OG0014398							
OG0014399							
OG0014489							
OG0014541							
OG0014689							
OG0014717							
OG0014804	capitella			\tCapteT146224	K11997	
OG0014898							
OG0014900							
OG0014909							
OG0014925							
OG0014927	capitella			\tCapteT200400	K06530	
OG0014939	capitella			\tCapteT200869	K10408	
OG0014942							
OG0014989	capitella			\tCapteT185134		
OG0014989	capitella			\tCapteT191940	K23209	
OG0014989	capitella			\tCapteT194344		
OG0014989	capitella			\tCapteT206270	K23209	
OG0014989	capitella			\tCapteT206901		
OG0014989	capitella			\tCapteT208813		
OG0014989	capitella			\tCapteT216436		
OG0015086	capitella			\tCapteT145447	K02599	
OG0015098	capitella			\tCapteT226510		
OG0015121							
OG0015186							
OG0015196							
OG0015237							
OG0015301							
OG0015443							
OG0015510							
OG0015562							
OG0015691							
OG0015696							
OG0015721							
OG0015726							
OG0015727							
OG0015774							
OG0015792							
OG0015793							
OG0015809	capitella			\tCapteT102021		
OG0015815							
OG0015852							
OG0015858							
OG0015890							
OG0015910							
OG0015939							
OG0015941							
OG0015946							
OG0015960	capitella			\tCapteT132603		
OG0015960	capitella			\tCapteT49616		
OG0016025							
OG0016048	capitella			\tCapteT204689		
OG0016061	capitella			\tCapteT219705		
OG0016123	capitella			\tCapteT185797		
OG0016123	capitella			\tCapteT215843		
OG0016146	capitella			\tCapteT226632		
OG0016148	capitella			\tCapteT81082		
OG0016179	capitella			\tCapteT224159	K14442	
OG0016191							
OG0016263							
OG0016324							
OG0016329							
OG0016382							
OG0016423							
OG0016576							
OG0016606							
OG0016614							
OG0016622							
OG0016637							
OG0016672							
OG0016930							
OG0016957							
OG0016993							
OG0016997							
OG0016999							
OG0017017							
OG0017044							
OG0017178	capitella			\tCapteT163794	K20967	
OG0017178	capitella			\tCapteT97126	K20967	
OG0017180							
OG0017196	capitella			\tCapteT204462	K22600	
OG0017202							
OG0017219	capitella			\tCapteT187826	K05643	
OG0017219	capitella			\tCapteT207166	K05643	
OG0017238							
OG0017251							
OG0017266							
OG0017319							
OG0017355	capitella			\tCapteT198103		
OG0017359	capitella			\tCapteT36440	K16498	
OG0017359	capitella			\tCapteT45709	K16498	
OG0017367	capitella			\tCapteT152738		
OG0017393	capitella			\tCapteT126777	K10104	
OG0017393	capitella			\tCapteT143148	K10104	
OG0017393	capitella			\tCapteT143243	K10104	
OG0017393	capitella			\tCapteT146055	K10104	
OG0017393	capitella			\tCapteT206713	K10104	
OG0017393	capitella			\tCapteT216140	K10104	
OG0017440	capitella			\tCapteT192915		
OG0017470	capitella			\tCapteT200909	K09228	
OG0017498	capitella			\tCapteT189705	K03327	
OG0017514	capitella			\tCapteT71353	K03883	
OG0017524							
OG0017534							
OG0017597							
OG0017624							
OG0017629							
OG0017667							
OG0017669							
OG0017692							
OG0017694							
OG0017698							
OG0017731							
OG0017735							
OG0017837							
OG0017885							
OG0017891							
OG0018034							
OG0018069							
OG0018152							
OG0018197							
OG0018199							
OG0018227							
OG0018228							
OG0018322							
OG0018549							
OG0018588							
OG0018626							
OG0018654							
OG0018691							
OG0018707							
OG0018710							
OG0018722							
OG0018752	capitella			\tCapteT208696	K11653	
OG0018757							
OG0018775							
OG0018789							
OG0018790							
OG0018826							
OG0018868	capitella			\tCapteT56619		
OG0018884							
OG0018968							
OG0018972							
OG0018996							
OG0019009							
OG0019054							
OG0019166							
OG0019174							
OG0019183	capitella			\tCapteT93209	K10462	
OG0019199	capitella			\tCapteT192685		
OG0019199	capitella			\tCapteT193444		
OG0019199	capitella			\tCapteT195672		
OG0019199	capitella			\tCapteT196729		
OG0019199	capitella			\tCapteT205965		
OG0019211	capitella			\tCapteT191640		
OG0019211	capitella			\tCapteT193098		
OG0019211	capitella			\tCapteT198004		
OG0019211	capitella			\tCapteT204702		
OG0019266	capitella			\tCapteT135521	K05312	
OG0019266	capitella			\tCapteT65079	K05312	
OG0019280	capitella			\tCapteT200992		
OG0019280	capitella			\tCapteT202621		
OG0019280	capitella			\tCapteT205248		
OG0019315	capitella			\tCapteT193574		
OG0019315	capitella			\tCapteT206895		
OG0019315	capitella			\tCapteT208348		
OG0019315	capitella			\tCapteT208350		
OG0019315	capitella			\tCapteT209433		
OG0019333	capitella			\tCapteT199255	K06776	
OG0019362	capitella			\tCapteT185055		
OG0019362	capitella			\tCapteT189899		
OG0019362	capitella			\tCapteT202631		
OG0019362	capitella			\tCapteT202919		
OG0019362	capitella			\tCapteT208388		
OG0019370	capitella			\tCapteT213692
CapteT213695
CapteT213697
CapteT213699
CapteT21369	K21798


K10434
K19765	
OG0019375	capitella			\tCapteT216666		
OG0019389	capitella			\tCapteT78368		
OG0019393	capitella			\tCapteT40975	K05313	
OG0019401	capitella			\tCapteT50235	K12076	
OG0019437							
OG0019469							
OG0019479							
OG0019522							
OG0019539							
OG0019580							
OG0019722							
OG0019859							
OG0019922							
OG0020152							
OG0020265							
OG0020298							
OG0020346							
OG0020359							
OG0020374							
OG0020376							
OG0020384							
OG0020392							
OG0020395							
OG0020398							
OG0020418							
OG0020428							
OG0020585							
OG0020866							
OG0020909	capitella			\tCapteT193508	K18668	
OG0020909	capitella			\tCapteT194065	K18668	
OG0020978							
OG0020995							
OG0021030							
OG0021062							
OG0021072	capitella			\tCapteT199655	K20412	
OG0021075							
OG0021079							
OG0021096							
OG0021165							
OG0021166							
OG0021168							
OG0021169							
OG0021174							
OG0021177							
OG0021193							
OG0021212							
OG0021300	capitella			\tCapteT100928	K06272	
OG0021300	capitella			\tCapteT136429	K06272	
OG0021338							
OG0021379							
OG0021445							
OG0021554							
OG0021573							
OG0021576							
OG0021627							
OG0021686							
OG0021699							
OG0021700							
OG0021703							
OG0021721	capitella			\tCapteT216493		
OG0021811	capitella			\tCapteT220967	K07532	
OG0021819	capitella			\tCapteT188419		
OG0021819	capitella			\tCapteT223930		
OG0021841	capitella			\tCapteT210610		
OG0021873	capitella			\tCapteT191020		
OG0021873	capitella			\tCapteT191379		
OG0021890	capitella			\tCapteT207600		
OG0021901	capitella			\tCapteT91144	K02183	
OG0021917	capitella			\tCapteT58486	K10104	
OG0021929	capitella			\tCapteT108342	K04659	
OG0021943	capitella			\tCapteT110222	K07374	
OG0021943	capitella			\tCapteT148561	K07374	
OG0021952	capitella			\tCapteT71293	K03234	
OG0021998							
OG0022041							
OG0022043							
OG0022104							
OG0022107							
OG0022179							
OG0022187							
OG0022190							
OG0022196							
OG0022218							
OG0022368							
OG0022402							
OG0022425							
OG0022493							
OG0022570							
OG0022595							
OG0023128							
OG0023130							
OG0023249							
OG0023366							
OG0023385							
OG0023414							
OG0023417							
OG0023460							
OG0023461							
OG0023484							
OG0023507							
OG0023545							
OG0023569							
OG0023575							
OG0023760							
OG0023820							
OG0024218							
OG0024229							
OG0024313							
OG0024336							
OG0024387							
OG0024414							
OG0024445							
OG0024480	capitella			\tCapteT186156		
OG0024488	capitella			\tCapteT185173	K19499	
OG0024600							
OG0024713							
OG0024738							
OG0024758							
OG0024809							
OG0024848							
OG0024894							
OG0024922							
OG0024961							
OG0024999							
OG0025040							
OG0025064							
OG0025106							
OG0025300							
OG0025316							
OG0025322							
OG0025329							
OG0025353	capitella			\tCapteT216497		
OG0025376	capitella			\tCapteT200359		
OG0025429	capitella			\tCapteT57718		
OG0025521	capitella			\tCapteT212370		
OG0025547	capitella			\tCapteT115107	K23797	
OG0025583	capitella			\tCapteT223456	K06785	
OG0025615	capitella			\tCapteT196562	K01904	
OG0025646	capitella			\tCapteT205863		
OG0025655	capitella			\tCapteT212343	K14386	
OG0025658	capitella			\tCapteT188477		
OG0025664	capitella			\tCapteT131243	K11540	
OG0025746							
OG0025757							
OG0025885							
OG0025915							
OG0025918							
OG0025939							
OG0025940							
OG0025982							
OG0025994							
OG0026000							
OG0026027							
OG0026194							
OG0026196							
OG0026219							
OG0026248							
OG0026250							
OG0026268							
OG0026271							
OG0026288							
OG0026323							
OG0026325							
OG0026327							
OG0026332							
OG0026470							
OG0026497							
OG0026702							
OG0026729							
OG0026778							
OG0026780							
OG0026803							
OG0027595							
OG0027610							
OG0027721							
OG0027894							
OG0027942							
OG0028013							
OG0028030							
OG0028110							
OG0028113							
OG0028116							
OG0028135							
OG0028139							
OG0028141							
OG0028155							
OG0028186							
OG0028196							
OG0028202							
OG0028208							
OG0028219							
OG0028240							
OG0028246							
OG0028273							
OG0028543							
OG0028586							
OG0029393							
OG0029454							
OG0029492							
OG0029510							
OG0029620							
OG0029692							
OG0029801							
OG0029879							
OG0029897							
OG0029917	capitella			\tCapteT190861		
OG0029932							
OG0029943							
OG0029949							
OG0029958							
OG0029973							
OG0030110							
OG0030138							
OG0030286							
OG0030331							
OG0030470							
OG0030516							
OG0030604							
OG0030609							
OG0030631							
OG0030742	capitella			\tCapteT5016	K08834	
OG0030814							
OG0030908							
OG0030972							
OG0030983							
OG0031010	capitella			\tCapteT192498		
OG0031010	capitella			\tCapteT198123		
OG0031060	capitella			\tCapteT193295		
OG0031096	capitella			\tCapteT196174	K20825	
OG0031184	capitella			\tCapteT191712		
OG0031184	capitella			\tCapteT206606	K14771	
OG0031195	capitella			\tCapteT216201		
OG0031310	capitella			\tCapteT223455	K16680	
OG0031328	capitella			\tCapteT207997		
OG0031356	capitella			\tCapteT130583	K05312	
OG0031356	capitella			\tCapteT58719	K05312	
OG0031365	capitella			\tCapteT118247	K05312	
OG0031371	capitella			\tCapteT213215		
OG0031433	capitella			\tCapteT113316		
OG0031434	capitella			\tCapteT120733		
OG0031438	capitella			\tCapteT103996	K11517	
OG0031442	capitella			\tCapteT99200	K21594	
OG0031529							
OG0031577							
OG0031611							
OG0031648							
OG0031737							
OG0031820							
OG0031867							
OG0031875							
OG0031878							
OG0031967							
OG0031988							
OG0031999							
OG0032067							
OG0032092							
OG0032116							
OG0032467							
OG0032516							
OG0032561							
OG0032876							
OG0032896							
OG0032913							
OG0032929							
OG0033094							
OG0033118							
OG0033384							
OG0034510							
OG0034570							
OG0034606							
OG0034821							
OG0034883							
OG0034945							
OG0035173							
OG0035261							
OG0035302							
OG0035344							
OG0035364							
OG0035500							
OG0035553							
OG0035554							
OG0035571							
OG0035577							
OG0035584							
OG0035607							
OG0035629							
OG0035654							
OG0035699							
OG0035750							
OG0035808							
OG0035822							
OG0035898							
OG0035917							
OG0035921							
OG0035937							
OG0036399							
OG0037931							
OG0038138							
OG0038185							
OG0038295							
OG0038402							
OG0038703							
OG0038711							
OG0038744							
OG0038756							
OG0038778							
OG0039190							
OG0039322							
OG0039360							
OG0039497							
OG0039615							
OG0040192							
OG0040435	capitella			\tCapteT218431		
OG0040559	capitella			\tCapteT211272		
OG0040689	capitella			\tCapteT212088	K08821	
OG0040690	capitella			\tCapteT227320		
OG0040814	capitella			\tCapteT27874	K10380	
OG0040865	capitella			\tCapteT188305		
OG0040897	capitella			\tCapteT211569		
OG0041058	capitella			\tCapteT198951		
OG0041082	capitella			\tCapteT218805	K02262	
OG0041170	capitella			\tCapteT208199		
OG0041373							
OG0041545							
OG0041759							
OG0042008							
OG0042017							
OG0042131							
OG0042157							
OG0042250							
OG0042321							
OG0043213							
OG0043214							
OG0043263							
OG0043271							
OG0043311							
OG0043314							
OG0044157							
OG0044455							
OG0044628							
OG0044634							
OG0045315							
OG0046964							
OG0047194							
OG0047604							
OG0047620							
OG0047793							
OG0047796							
OG0048044							
OG0048300							
OG0048585							
OG0049050							
OG0049056							
OG0049095							
OG0049170							
OG0049177							
OG0049347							
OG0049475							
OG0049539							
OG0049542							
OG0049543							
OG0049562							
OG0049589							
OG0049947							
OG0050039							
OG0050111							
OG0050258							
OG0050325							
OG0050423							
OG0050523							
OG0050562							
OG0050581							
OG0050590							
OG0050832							
OG0051292							
OG0051309							
OG0051481							
OG0051538							
OG0051696							
OG0051924							
OG0051941							
OG0051974							
OG0052099							
OG0052112							
