OG0001122													Lluy|FUN_005691-T1, Lluy|FUN_005768-T1, Lluy|FUN_007202-T1, Lluy|FUN_008773-T1, Lluy|FUN_009156-T1, Lluy|FUN_010018-T1, Lluy|FUN_015538-T1, Lluy|FUN_017823-T1, Lluy|FUN_020872-T1, Lluy|FUN_021907-T1, Lluy|FUN_023584-T1, Lluy|FUN_027239-T1, Lluy|FUN_027241-T1, Lluy|FUN_028065-T1, Lluy|FUN_028395-T1, Lluy|FUN_028712-T1, Lluy|FUN_029076-T1, Lluy|FUN_030976-T1, Lluy|FUN_033997-T1, Lluy|FUN_035410-T1, Lluy|FUN_036366-T1, Lluy|FUN_036369-T1, Lluy|FUN_036523-T1, Lluy|FUN_036525-T1, Lluy|FUN_036526-T1, Lluy|FUN_036527-T1, Lluy|FUN_037202-T1, Lluy|FUN_037208-T1, Lluy|FUN_038379-T1, Lluy|FUN_039768-T1, Lluy|FUN_039769-T1, Lluy|FUN_039770-T1					Oalv|OALVG00000004971.1, Oalv|OALVG00000006928.1, Oalv|OALVG00000006929.1, Oalv|OALVG00000006930.1, Oalv|OALVG00000009456.1, Oalv|OALVG00000013271.1, Oalv|OALVG00000020194.1, Oalv|OALVG00000023330.1, Oalv|OALVG00000026889.1, Oalv|OALVG00000028965.1, Oalv|OALVG00000035444.1	Ofra|OFRAG00000001656.1			Pech|nbis-mrna-17574, Pech|nbis-mrna-19253	Rpac|RPACG00000004247.1, Rpac|RPACG00000004248.1, Rpac|RPACG00000004249.1, Rpac|RPACG00000010203.1, Rpac|RPACG00000014948.1, Rpac|RPACG00000015156.1, Rpac|RPACG00000016202.1, Rpac|RPACG00000019619.1, Rpac|RPACG00000019621.1, Rpac|RPACG00000019622.1, Rpac|RPACG00000020064.1, Rpac|RPACG00000022635.1, Rpac|RPACG00000034009.1, Rpac|RPACG00000034547.1, Rpac|RPACG00000035056.1, Rpac|RPACG00000035057.1					
OG0001462													Lluy|FUN_004583-T1, Lluy|FUN_006726-T1, Lluy|FUN_006727-T1, Lluy|FUN_013937-T1, Lluy|FUN_013938-T1, Lluy|FUN_019847-T1, Lluy|FUN_021334-T1, Lluy|FUN_024244-T1, Lluy|FUN_024245-T1, Lluy|FUN_029397-T1, Lluy|FUN_029398-T1, Lluy|FUN_031837-T1, Lluy|FUN_034947-T1, Lluy|FUN_034948-T1, Lluy|FUN_034955-T1, Lluy|FUN_034956-T1, Lluy|FUN_034957-T1, Lluy|FUN_034958-T1, Lluy|FUN_034959-T1, Lluy|FUN_034960-T1, Lluy|FUN_035939-T1					Oalv|OALVG00000006890.1, Oalv|OALVG00000006892.1, Oalv|OALVG00000006893.1, Oalv|OALVG00000018950.1, Oalv|OALVG00000018951.1, Oalv|OALVG00000018952.1, Oalv|OALVG00000018953.1, Oalv|OALVG00000018956.1, Oalv|OALVG00000018960.1, Oalv|OALVG00000018961.1, Oalv|OALVG00000018963.1, Oalv|OALVG00000018964.1, Oalv|OALVG00000018966.1, Oalv|OALVG00000018967.1, Oalv|OALVG00000018968.1, Oalv|OALVG00000018970.1, Oalv|OALVG00000018972.1, Oalv|OALVG00000018973.1, Oalv|OALVG00000028109.1, Oalv|OALVG00000033233.1, Oalv|OALVG00000033235.1	Ofra|OFRAG00000005824.1, Ofra|OFRAG00000005825.1			Pech|nbis-mrna-3506, Pech|nbis-mrna-8988	Rpac|RPACG00000001484.1, Rpac|RPACG00000001486.1, Rpac|RPACG00000001487.1, Rpac|RPACG00000002343.1, Rpac|RPACG00000012897.1, Rpac|RPACG00000012899.1, Rpac|RPACG00000012900.1, Rpac|RPACG00000025499.1					
OG0006604													Lluy|FUN_028088-T1, Lluy|FUN_028089-T1, Lluy|FUN_030160-T1, Lluy|FUN_030503-T1, Lluy|FUN_030504-T1, Lluy|FUN_030506-T1, Lluy|FUN_040662-T1, Lluy|FUN_040663-T1, Lluy|FUN_040664-T1, Lluy|FUN_040665-T1, Lluy|FUN_040668-T1					Oalv|OALVG00000006674.1, Oalv|OALVG00000011805.1, Oalv|OALVG00000011806.1, Oalv|OALVG00000011807.1, Oalv|OALVG00000011808.1, Oalv|OALVG00000011809.1, Oalv|OALVG00000011810.1, Oalv|OALVG00000011811.1, Oalv|OALVG00000011812.1	Ofra|OFRAG00000002515.1, Ofra|OFRAG00000003548.1, Ofra|OFRAG00000013723.1				Rpac|RPACG00000010974.1, Rpac|RPACG00000010975.1, Rpac|RPACG00000010976.1, Rpac|RPACG00000010977.1, Rpac|RPACG00000010978.1, Rpac|RPACG00000010979.1, Rpac|RPACG00000010980.1					
OG0008753													Lluy|FUN_000898-T1, Lluy|FUN_005211-T1, Lluy|FUN_005932-T1, Lluy|FUN_010040-T1, Lluy|FUN_013019-T1, Lluy|FUN_013020-T1, Lluy|FUN_013805-T1, Lluy|FUN_022061-T1, Lluy|FUN_022156-T1, Lluy|FUN_022167-T1, Lluy|FUN_036956-T1, Lluy|FUN_039403-T1, Lluy|FUN_039407-T1, Lluy|FUN_040147-T1					Oalv|OALVG00000012147.1, Oalv|OALVG00000018036.1, Oalv|OALVG00000029872.1, Oalv|OALVG00000035098.1	Ofra|OFRAG00000006414.1			Pech|nbis-mrna-11741, Pech|nbis-mrna-1202, Pech|nbis-mrna-12585, Pech|nbis-mrna-12639, Pech|nbis-mrna-15557	Rpac|RPACG00000017228.1					
OG0008756													Lluy|FUN_009834-T1, Lluy|FUN_009835-T1, Lluy|FUN_009837-T1, Lluy|FUN_009838-T1, Lluy|FUN_009840-T1, Lluy|FUN_031063-T1					Oalv|OALVG00000020531.1, Oalv|OALVG00000020533.1, Oalv|OALVG00000020536.1, Oalv|OALVG00000020537.1, Oalv|OALVG00000020538.1, Oalv|OALVG00000020539.1, Oalv|OALVG00000020540.1, Oalv|OALVG00000020578.1, Oalv|OALVG00000027336.1, Oalv|OALVG00000027339.1	Ofra|OFRAG00000008858.1, Ofra|OFRAG00000008860.1			Pech|nbis-mrna-1828, Pech|nbis-mrna-1830, Pech|nbis-mrna-1831, Pech|nbis-mrna-5921	Rpac|RPACG00000023047.1, Rpac|RPACG00000023048.1, Rpac|RPACG00000023049.1					
OG0009650													Lluy|FUN_004752-T1, Lluy|FUN_004753-T1, Lluy|FUN_013447-T1, Lluy|FUN_013449-T1, Lluy|FUN_038743-T1					Oalv|OALVG00000012240.1, Oalv|OALVG00000025896.1, Oalv|OALVG00000025912.1	Ofra|OFRAG00000006332.1, Ofra|OFRAG00000006333.1, Ofra|OFRAG00000006334.1, Ofra|OFRAG00000006335.1			Pech|nbis-mrna-1131, Pech|nbis-mrna-1696, Pech|nbis-mrna-6908, Pech|nbis-mrna-6909, Pech|nbis-mrna-6910, Pech|nbis-mrna-7332	Rpac|RPACG00000010881.1, Rpac|RPACG00000010882.1, Rpac|RPACG00000010884.1, Rpac|RPACG00000010886.1					
OG0010253													Lluy|FUN_004617-T1, Lluy|FUN_010278-T1, Lluy|FUN_010279-T1, Lluy|FUN_010280-T1, Lluy|FUN_010281-T1, Lluy|FUN_022268-T1					Oalv|OALVG00000033706.1	Ofra|OFRAG00000005762.1			Pech|nbis-mrna-11601, Pech|nbis-mrna-11605, Pech|nbis-mrna-11606, Pech|nbis-mrna-11607, Pech|nbis-mrna-11608, Pech|nbis-mrna-11609, Pech|nbis-mrna-11610, Pech|nbis-mrna-11611, Pech|nbis-mrna-13905, Pech|nbis-mrna-13906, Pech|nbis-mrna-13907	Rpac|RPACG00000010233.1					
OG0010533													Lluy|FUN_020635-T1, Lluy|FUN_026973-T1, Lluy|FUN_026974-T1, Lluy|FUN_026975-T1, Lluy|FUN_026976-T1, Lluy|FUN_032831-T1, Lluy|FUN_032833-T1					Oalv|OALVG00000016540.1, Oalv|OALVG00000016541.1, Oalv|OALVG00000016542.1, Oalv|OALVG00000016543.1, Oalv|OALVG00000016544.1	Ofra|OFRAG00000002327.1, Ofra|OFRAG00000002329.1				Rpac|RPACG00000009427.1, Rpac|RPACG00000009428.1, Rpac|RPACG00000011431.1, Rpac|RPACG00000011433.1, Rpac|RPACG00000031364.1					
OG0010534													Lluy|FUN_033266-T1, Lluy|FUN_039763-T1, Lluy|FUN_039764-T1					Oalv|OALVG00000004407.1, Oalv|OALVG00000005738.1	Ofra|OFRAG00000006901.1, Ofra|OFRAG00000006902.1, Ofra|OFRAG00000007073.1, Ofra|OFRAG00000007330.1, Ofra|OFRAG00000011364.1, Ofra|OFRAG00000013077.1, Ofra|OFRAG00000017893.1, Ofra|OFRAG00000017894.1			Pech|nbis-mrna-17484, Pech|nbis-mrna-3061, Pech|nbis-mrna-7373	Rpac|RPACG00000001708.1, Rpac|RPACG00000001712.1, Rpac|RPACG00000012896.1					
OG0011127													Lluy|FUN_016465-T1, Lluy|FUN_018502-T1, Lluy|FUN_029982-T1, Lluy|FUN_029983-T1, Lluy|FUN_029984-T1					Oalv|OALVG00000009624.1, Oalv|OALVG00000028926.1, Oalv|OALVG00000033251.1	Ofra|OFRAG00000010960.1, Ofra|OFRAG00000010961.1, Ofra|OFRAG00000012674.1, Ofra|OFRAG00000015523.1, Ofra|OFRAG00000017380.1, Ofra|OFRAG00000017685.1				Rpac|RPACG00000016755.1, Rpac|RPACG00000022173.1, Rpac|RPACG00000024565.1					
OG0011131													Lluy|FUN_010637-T1, Lluy|FUN_010641-T1, Lluy|FUN_011740-T1, Lluy|FUN_011761-T1, Lluy|FUN_011763-T1, Lluy|FUN_013374-T1, Lluy|FUN_015764-T1, Lluy|FUN_039455-T1					Oalv|OALVG00000002898.1, Oalv|OALVG00000013864.1, Oalv|OALVG00000013866.1	Ofra|OFRAG00000013248.1			Pech|nbis-mrna-15531, Pech|nbis-mrna-4797, Pech|nbis-mrna-4799, Pech|nbis-mrna-8260, Pech|nbis-mrna-8264						
OG0011783																			Ofra|OFRAG00000001081.1, Ofra|OFRAG00000001291.1, Ofra|OFRAG00000001292.1, Ofra|OFRAG00000004433.1, Ofra|OFRAG00000004916.1, Ofra|OFRAG00000004917.1, Ofra|OFRAG00000004918.1, Ofra|OFRAG00000007450.1, Ofra|OFRAG00000007457.1, Ofra|OFRAG00000012435.1, Ofra|OFRAG00000012507.1, Ofra|OFRAG00000014132.1, Ofra|OFRAG00000014313.1, Ofra|OFRAG00000014314.1				Rpac|RPACG00000035563.1					
OG0012142													Lluy|FUN_018843-T1					Oalv|OALVG00000005201.1, Oalv|OALVG00000005202.1, Oalv|OALVG00000005203.1, Oalv|OALVG00000005279.1, Oalv|OALVG00000005280.1, Oalv|OALVG00000011304.1	Ofra|OFRAG00000007241.1			Pech|nbis-mrna-16933, Pech|nbis-mrna-16937, Pech|nbis-mrna-3870, Pech|nbis-mrna-3871	Rpac|RPACG00000008205.1, Rpac|RPACG00000028166.1					
OG0012566													Lluy|FUN_002928-T1, Lluy|FUN_003316-T1, Lluy|FUN_003319-T1, Lluy|FUN_003322-T1, Lluy|FUN_008865-T1, Lluy|FUN_011611-T1, Lluy|FUN_011612-T1, Lluy|FUN_021282-T1, Lluy|FUN_028475-T1, Lluy|FUN_040001-T1						Ofra|OFRAG00000000580.1				Rpac|RPACG00000006561.1, Rpac|RPACG00000034969.1					
OG0013077													Lluy|FUN_018808-T1					Oalv|OALVG00000021029.1, Oalv|OALVG00000021036.1, Oalv|OALVG00000021042.1	Ofra|OFRAG00000001974.1, Ofra|OFRAG00000005885.1, Ofra|OFRAG00000005886.1, Ofra|OFRAG00000005887.1, Ofra|OFRAG00000011418.1, Ofra|OFRAG00000015502.1				Rpac|RPACG00000008822.1, Rpac|RPACG00000028121.1					
OG0013095													Lluy|FUN_031898-T1, Lluy|FUN_035179-T1, Lluy|FUN_038935-T1, Lluy|FUN_038936-T1, Lluy|FUN_038939-T1, Lluy|FUN_038946-T1					Oalv|OALVG00000015773.1, Oalv|OALVG00000023569.1, Oalv|OALVG00000034220.1, Oalv|OALVG00000034481.1	Ofra|OFRAG00000003432.1, Ofra|OFRAG00000003433.1									
OG0013099													Lluy|FUN_007867-T1, Lluy|FUN_007868-T1, Lluy|FUN_007870-T1					Oalv|OALVG00000020026.1, Oalv|OALVG00000020027.1, Oalv|OALVG00000020028.1, Oalv|OALVG00000032981.1	Ofra|OFRAG00000002772.1, Ofra|OFRAG00000013369.1, Ofra|OFRAG00000014669.1, Ofra|OFRAG00000015943.1			Pech|nbis-mrna-6816						
OG0013100													Lluy|FUN_016005-T1, Lluy|FUN_016007-T1, Lluy|FUN_016008-T1					Oalv|OALVG00000025979.1, Oalv|OALVG00000025981.1, Oalv|OALVG00000025982.1, Oalv|OALVG00000025984.1, Oalv|OALVG00000025986.1, Oalv|OALVG00000025990.1, Oalv|OALVG00000031986.1	Ofra|OFRAG00000000581.1				Rpac|RPACG00000006562.1					
OG0013703													Lluy|FUN_021672-T1, Lluy|FUN_021682-T1, Lluy|FUN_022350-T1					Oalv|OALVG00000004640.1, Oalv|OALVG00000004641.1, Oalv|OALVG00000004642.1, Oalv|OALVG00000006877.1, Oalv|OALVG00000010556.1	Ofra|OFRAG00000013855.1				Rpac|RPACG00000007124.1, Rpac|RPACG00000021156.1					
OG0013710													Lluy|FUN_001940-T1, Lluy|FUN_001941-T1, Lluy|FUN_001956-T1					Oalv|OALVG00000003901.1, Oalv|OALVG00000003904.1, Oalv|OALVG00000020860.1, Oalv|OALVG00000020929.1, Oalv|OALVG00000030128.1	Ofra|OFRAG00000002819.1				Rpac|RPACG00000023151.1, Rpac|RPACG00000023153.1					
OG0013728													Lluy|FUN_040029-T1					Oalv|OALVG00000002563.1, Oalv|OALVG00000002567.1, Oalv|OALVG00000002569.1, Oalv|OALVG00000006867.1, Oalv|OALVG00000006868.1, Oalv|OALVG00000015679.1, Oalv|OALVG00000026230.1	Ofra|OFRAG00000009494.1, Ofra|OFRAG00000010606.1				Rpac|RPACG00000010627.1					
OG0013784																		Oalv|OALVG00000004424.1, Oalv|OALVG00000004431.1, Oalv|OALVG00000004433.1, Oalv|OALVG00000004435.1, Oalv|OALVG00000004438.1, Oalv|OALVG00000004440.1, Oalv|OALVG00000004441.1	Ofra|OFRAG00000004467.1, Ofra|OFRAG00000004468.1				Rpac|RPACG00000023731.1, Rpac|RPACG00000035903.1					
OG0014434													Lluy|FUN_007800-T1, Lluy|FUN_022886-T1, Lluy|FUN_022891-T1, Lluy|FUN_022893-T1					Oalv|OALVG00000031088.1, Oalv|OALVG00000031090.1, Oalv|OALVG00000031091.1	Ofra|OFRAG00000012913.1				Rpac|RPACG00000022460.1, Rpac|RPACG00000022463.1					
OG0014439													Lluy|FUN_006337-T1, Lluy|FUN_017897-T1, Lluy|FUN_026297-T1, Lluy|FUN_036624-T1					Oalv|OALVG00000027848.1, Oalv|OALVG00000029832.1	Ofra|OFRAG00000010719.1			Pech|nbis-mrna-12806, Pech|nbis-mrna-12808	Rpac|RPACG00000000625.1					
OG0014453													Lluy|FUN_016560-T1, Lluy|FUN_023375-T1						Ofra|OFRAG00000009593.1, Ofra|OFRAG00000009595.1, Ofra|OFRAG00000009596.1, Ofra|OFRAG00000009597.1, Ofra|OFRAG00000015444.1, Ofra|OFRAG00000015774.1, Ofra|OFRAG00000016724.1, Ofra|OFRAG00000016725.1									
OG0015340													Lluy|FUN_022106-T1					Oalv|OALVG00000033362.1	Ofra|OFRAG00000007570.1			Pech|nbis-mrna-1084, Pech|nbis-mrna-1085, Pech|nbis-mrna-1086, Pech|nbis-mrna-4544, Pech|nbis-mrna-5247	Rpac|RPACG00000004682.1					
OG0015343													Lluy|FUN_025739-T1, Lluy|FUN_025740-T1					Oalv|OALVG00000010886.1, Oalv|OALVG00000010887.1	Ofra|OFRAG00000008786.1			Pech|nbis-mrna-3578, Pech|nbis-mrna-3581	Rpac|RPACG00000025010.2, Rpac|RPACG00000025011.1					
OG0015365													Lluy|FUN_014133-T1						Ofra|OFRAG00000000801.1, Ofra|OFRAG00000000802.1			Pech|nbis-mrna-18625, Pech|nbis-mrna-19249, Pech|nbis-mrna-3238, Pech|nbis-mrna-4353, Pech|nbis-mrna-7308	Rpac|RPACG00000020773.1					
OG0015392													Lluy|FUN_015949-T1, Lluy|FUN_033265-T1					Oalv|OALVG00000005737.1	Ofra|OFRAG00000007333.1			Pech|nbis-mrna-7374	Rpac|RPACG00000001711.1, Rpac|RPACG00000012893.1, Rpac|RPACG00000012894.1, Rpac|RPACG00000012898.1					
OG0015397													Lluy|FUN_037730-T1					Oalv|OALVG00000033745.1	Ofra|OFRAG00000005084.1, Ofra|OFRAG00000015014.1, Ofra|OFRAG00000015015.1, Ofra|OFRAG00000015016.1			Pech|nbis-mrna-20233	Rpac|RPACG00000031387.1, Rpac|RPACG00000031388.1					
OG0015399													Lluy|FUN_040111-T1					Oalv|OALVG00000034772.1, Oalv|OALVG00000034773.1, Oalv|OALVG00000034774.1, Oalv|OALVG00000034775.1, Oalv|OALVG00000034776.1	Ofra|OFRAG00000003707.1				Rpac|RPACG00000004342.1, Rpac|RPACG00000004347.1					
OG0015406													Lluy|FUN_016030-T1, Lluy|FUN_016031-T1, Lluy|FUN_016417-T1					Oalv|OALVG00000003330.1, Oalv|OALVG00000003331.1	Ofra|OFRAG00000009944.1			Pech|nbis-mrna-20869	Rpac|RPACG00000003149.1, Rpac|RPACG00000013795.1					
OG0016449													Lluy|FUN_009072-T1, Lluy|FUN_011596-T1					Oalv|OALVG00000012118.1, Oalv|OALVG00000012123.1, Oalv|OALVG00000015007.1	Ofra|OFRAG00000011288.2			Pech|nbis-mrna-330	Rpac|RPACG00000023007.1					
OG0016459													Lluy|FUN_032019-T1, Lluy|FUN_032021-T1					Oalv|OALVG00000021758.1, Oalv|OALVG00000021759.1	Ofra|OFRAG00000010315.1			Pech|nbis-mrna-6917	Rpac|RPACG00000024412.2, Rpac|RPACG00000024413.1					
OG0016463													Lluy|FUN_039656-T1, Lluy|FUN_039657-T1, Lluy|FUN_039659-T1					Oalv|OALVG00000020356.1	Ofra|OFRAG00000013432.1			Pech|nbis-mrna-15334, Pech|nbis-mrna-15335	Rpac|RPACG00000026857.1					
OG0016469													Lluy|FUN_004798-T1, Lluy|FUN_008868-T1, Lluy|FUN_009326-T1, Lluy|FUN_016006-T1, Lluy|FUN_016009-T1, Lluy|FUN_019472-T1						Ofra|OFRAG00000009247.1, Ofra|OFRAG00000009248.1									
OG0016471													Lluy|FUN_009307-T1, Lluy|FUN_009308-T1, Lluy|FUN_009309-T1, Lluy|FUN_009310-T1, Lluy|FUN_009311-T1, Lluy|FUN_016740-T1					Oalv|OALVG00000014111.1	Ofra|OFRAG00000010491.1									
OG0016521													Lluy|FUN_006493-T1, Lluy|FUN_006494-T1					Oalv|OALVG00000009602.1	Ofra|OFRAG00000001652.1			Pech|nbis-mrna-11622, Pech|nbis-mrna-18049	Rpac|RPACG00000004775.1, Rpac|RPACG00000004776.1					
OG0016523													Lluy|FUN_009450-T1					Oalv|OALVG00000015945.1, Oalv|OALVG00000015947.1	Ofra|OFRAG00000016718.1			Pech|nbis-mrna-17640, Pech|nbis-mrna-17641, Pech|nbis-mrna-6061	Rpac|RPACG00000032443.1					
OG0017931													Lluy|FUN_023690-T1, Lluy|FUN_023691-T1, Lluy|FUN_023692-T1					Oalv|OALVG00000028614.1	Ofra|OFRAG00000003743.1				Rpac|RPACG00000007158.1, Rpac|RPACG00000007159.1					
OG0017933													Lluy|FUN_033609-T1					Oalv|OALVG00000028011.1, Oalv|OALVG00000028012.1, Oalv|OALVG00000028013.1, Oalv|OALVG00000028014.1	Ofra|OFRAG00000009619.1				Rpac|RPACG00000021450.1					
OG0017951													Lluy|FUN_027870-T1, Lluy|FUN_027871-T1					Oalv|OALVG00000020165.1	Ofra|OFRAG00000012021.1, Ofra|OFRAG00000012022.1				Rpac|RPACG00000000888.1, Rpac|RPACG00000000889.1					
OG0017960													Lluy|FUN_035845-T1, Lluy|FUN_035847-T1, Lluy|FUN_035848-T1					Oalv|OALVG00000029224.1	Ofra|OFRAG00000001748.1			Pech|nbis-mrna-3777	Rpac|RPACG00000021394.1					
OG0017976													Lluy|FUN_014871-T1, Lluy|FUN_024627-T1, Lluy|FUN_039795-T1						Ofra|OFRAG00000003720.1, Ofra|OFRAG00000005816.1			Pech|nbis-mrna-3511	Rpac|RPACG00000009041.1					
OG0017977													Lluy|FUN_014808-T1, Lluy|FUN_015335-T1					Oalv|OALVG00000017051.1	Ofra|OFRAG00000014154.1, Ofra|OFRAG00000014155.1			Pech|nbis-mrna-17026	Rpac|RPACG00000029762.1					
OG0017989													Lluy|FUN_022760-T1					Oalv|OALVG00000016193.1	Ofra|OFRAG00000002367.1			Pech|nbis-mrna-18637, Pech|nbis-mrna-18640, Pech|nbis-mrna-7049	Rpac|RPACG00000007319.1					
OG0017990													Lluy|FUN_014354-T1, Lluy|FUN_024295-T1, Lluy|FUN_024296-T1, Lluy|FUN_028098-T1					Oalv|OALVG00000027367.1	Ofra|OFRAG00000000943.1				Rpac|RPACG00000032368.1					
OG0017994													Lluy|FUN_019999-T1, Lluy|FUN_025802-T1, Lluy|FUN_025803-T1					Oalv|OALVG00000031799.1	Ofra|OFRAG00000001578.1			Pech|nbis-mrna-2501	Rpac|RPACG00000030364.1					
OG0018001													Lluy|FUN_030711-T1					Oalv|OALVG00000032106.1, Oalv|OALVG00000032653.1	Ofra|OFRAG00000008406.1, Ofra|OFRAG00000008407.1			Pech|nbis-mrna-21979	Rpac|RPACG00000024369.1					
OG0018026													Lluy|FUN_015347-T1, Lluy|FUN_015348-T1, Lluy|FUN_029065-T1					Oalv|OALVG00000032892.1	Ofra|OFRAG00000016868.1			Pech|nbis-mrna-1451	Rpac|RPACG00000016923.1					
OG0018028													Lluy|FUN_025625-T1					Oalv|OALVG00000028491.1, Oalv|OALVG00000028496.1, Oalv|OALVG00000028497.1	Ofra|OFRAG00000014050.1				Rpac|RPACG00000007811.1, Rpac|RPACG00000007813.1					
OG0018199																		Oalv|OALVG00000003826.1, Oalv|OALVG00000003827.1	Ofra|OFRAG00000002109.1				Rpac|RPACG00000013396.1, Rpac|RPACG00000013398.1, Rpac|RPACG00000013399.1, Rpac|RPACG00000019231.1					
OG0019943													Lluy|FUN_000028-T1					Oalv|OALVG00000035865.1	Ofra|OFRAG00000003405.1, Ofra|OFRAG00000013575.1			Pech|nbis-mrna-7575	Rpac|RPACG00000005114.1					
OG0019964													Lluy|FUN_015797-T1					Oalv|OALVG00000028563.1	Ofra|OFRAG00000010242.1, Ofra|OFRAG00000013382.1			Pech|nbis-mrna-15713	Rpac|RPACG00000035344.1					
OG0019966													Lluy|FUN_016454-T1					Oalv|OALVG00000033267.1	Ofra|OFRAG00000013300.1, Ofra|OFRAG00000013302.1			Pech|nbis-mrna-677	Rpac|RPACG00000024585.1					
OG0019981													Lluy|FUN_029479-T1, Lluy|FUN_037877-T1					Oalv|OALVG00000026372.1, Oalv|OALVG00000026373.1	Ofra|OFRAG00000009282.1				Rpac|RPACG00000013442.1					
OG0019982													Lluy|FUN_029732-T1					Oalv|OALVG00000009691.1	Ofra|OFRAG00000015907.1			Pech|nbis-mrna-21056, Pech|nbis-mrna-2742	Rpac|RPACG00000030876.1					
OG0019985													Lluy|FUN_014293-T1, Lluy|FUN_030419-T1, Lluy|FUN_030420-T1					Oalv|OALVG00000035759.1	Ofra|OFRAG00000001991.1				Rpac|RPACG00000021380.1					
OG0019991													Lluy|FUN_032009-T1, Lluy|FUN_032010-T1					Oalv|OALVG00000005328.1	Ofra|OFRAG00000004953.1			Pech|nbis-mrna-1373	Rpac|RPACG00000006622.1					
OG0019996													Lluy|FUN_037332-T1					Oalv|OALVG00000006371.1, Oalv|OALVG00000015391.1, Oalv|OALVG00000016120.1, Oalv|OALVG00000034137.1	Ofra|OFRAG00000015400.1									
OG0020006													Lluy|FUN_004485-T1					Oalv|OALVG00000005496.1, Oalv|OALVG00000005497.1	Ofra|OFRAG00000010101.1			Pech|nbis-mrna-3672	Rpac|RPACG00000005554.1					
OG0020012													Lluy|FUN_007139-T1, Lluy|FUN_007140-T1					Oalv|OALVG00000005018.1, Oalv|OALVG00000005021.1	Ofra|OFRAG00000013039.1				Rpac|RPACG00000024543.1					
OG0020024													Lluy|FUN_010830-T1, Lluy|FUN_010831-T1					Oalv|OALVG00000034262.1	Ofra|OFRAG00000003900.1			Pech|nbis-mrna-4604	Rpac|RPACG00000034064.1					
OG0020045													Lluy|FUN_021158-T1, Lluy|FUN_039904-T1					Oalv|OALVG00000016895.1, Oalv|OALVG00000030092.1	Ofra|OFRAG00000010739.1				Rpac|RPACG00000036608.1					
OG0020050													Lluy|FUN_022578-T1, Lluy|FUN_022582-T1					Oalv|OALVG00000016335.1	Ofra|OFRAG00000009404.1				Rpac|RPACG00000015371.1, Rpac|RPACG00000015374.2					
OG0020058													Lluy|FUN_024455-T1					Oalv|OALVG00000028202.1	Ofra|OFRAG00000014914.1			Pech|nbis-mrna-8654	Rpac|RPACG00000009433.1, Rpac|RPACG00000009436.1					
OG0020081													Lluy|FUN_030022-T1, Lluy|FUN_030023-T1					Oalv|OALVG00000017390.1	Ofra|OFRAG00000002049.1			Pech|nbis-mrna-7631	Rpac|RPACG00000012324.1					
OG0020122													Lluy|FUN_005677-T1					Oalv|OALVG00000013112.1, Oalv|OALVG00000032437.1	Ofra|OFRAG00000002672.1			Pech|nbis-mrna-20820	Rpac|RPACG00000028823.1					
OG0020124													Lluy|FUN_006495-T1					Oalv|OALVG00000009603.1, Oalv|OALVG00000009604.1	Ofra|OFRAG00000001653.1				Rpac|RPACG00000004773.1, Rpac|RPACG00000004777.1					
OG0020127													Lluy|FUN_007541-T1					Oalv|OALVG00000005901.1	Ofra|OFRAG00000014701.1			Pech|nbis-mrna-13777, Pech|nbis-mrna-2497	Rpac|RPACG00000002479.1					
OG0020128													Lluy|FUN_007760-T1, Lluy|FUN_020399-T1					Oalv|OALVG00000007606.1	Ofra|OFRAG00000003835.1			Pech|nbis-mrna-14382	Rpac|RPACG00000035866.1					
OG0020130													Lluy|FUN_008273-T1					Oalv|OALVG00000026543.1	Ofra|OFRAG00000005327.1			Pech|nbis-mrna-2794, Pech|nbis-mrna-4870	Rpac|RPACG00000003179.1					
OG0020135													Lluy|FUN_010276-T1					Oalv|OALVG00000030077.1, Oalv|OALVG00000030078.1, Oalv|OALVG00000030081.1	Ofra|OFRAG00000001204.1				Rpac|RPACG00000007610.1					
OG0020138													Lluy|FUN_012538-T1, Lluy|FUN_012539-T1					Oalv|OALVG00000005311.1	Ofra|OFRAG00000004589.1			Pech|nbis-mrna-11237	Rpac|RPACG00000003546.1					
OG0020143													Lluy|FUN_014014-T1, Lluy|FUN_020463-T1					Oalv|OALVG00000010084.1	Ofra|OFRAG00000006262.1			Pech|nbis-mrna-15558	Rpac|RPACG00000007647.1					
OG0020428																			Ofra|OFRAG00000007334.1, Ofra|OFRAG00000007335.1				Rpac|RPACG00000018011.1, Rpac|RPACG00000032273.1, Rpac|RPACG00000032274.1, Rpac|RPACG00000032276.1					
OG0022730													Lluy|FUN_023673-T1					Oalv|OALVG00000030870.1	Ofra|OFRAG00000011420.1			Pech|nbis-mrna-6113	Rpac|RPACG00000007143.1					
OG0022747													Lluy|FUN_005389-T1					Oalv|OALVG00000000365.1	Ofra|OFRAG00000005478.1			Pech|nbis-mrna-4810	Rpac|RPACG00000024224.1					
OG0022770													Lluy|FUN_018281-T1					Oalv|OALVG00000030666.1	Ofra|OFRAG00000017298.1			Pech|nbis-mrna-6147	Rpac|RPACG00000028710.1					
OG0022788													Lluy|FUN_025352-T1, Lluy|FUN_025353-T1					Oalv|OALVG00000023760.1	Ofra|OFRAG00000015734.1				Rpac|RPACG00000031020.1					
OG0022792													Lluy|FUN_026443-T1					Oalv|OALVG00000007136.1	Ofra|OFRAG00000007751.1			Pech|nbis-mrna-230	Rpac|RPACG00000023827.1					
OG0022804													Lluy|FUN_032001-T1					Oalv|OALVG00000005320.1	Ofra|OFRAG00000013994.1			Pech|nbis-mrna-1371	Rpac|RPACG00000006616.1					
OG0022805													Lluy|FUN_032496-T1					Oalv|OALVG00000034317.1	Ofra|OFRAG00000004648.1			Pech|nbis-mrna-2903	Rpac|RPACG00000029866.1					
OG0022819													Lluy|FUN_037340-T1					Oalv|OALVG00000029365.1	Ofra|OFRAG00000015825.1			Pech|nbis-mrna-21637	Rpac|RPACG00000032709.1					
OG0022821													Lluy|FUN_037370-T1					Oalv|OALVG00000008081.1	Ofra|OFRAG00000007108.1			Pech|nbis-mrna-19062	Rpac|RPACG00000032675.1					
OG0022835													Lluy|FUN_040271-T1					Oalv|OALVG00000020407.1, Oalv|OALVG00000020411.1	Ofra|OFRAG00000015703.1				Rpac|RPACG00000010807.1					
OG0022840													Lluy|FUN_001067-T1					Oalv|OALVG00000001450.1	Ofra|OFRAG00000013831.1			Pech|nbis-mrna-20521	Rpac|RPACG00000034614.1					
OG0022848													Lluy|FUN_003916-T1					Oalv|OALVG00000013414.1	Ofra|OFRAG00000017387.1			Pech|nbis-mrna-5354	Rpac|RPACG00000019305.1					
OG0022856													Lluy|FUN_005726-T1					Oalv|OALVG00000020286.1	Ofra|OFRAG00000017444.1			Pech|nbis-mrna-2290	Rpac|RPACG00000010771.1					
OG0022862													Lluy|FUN_006884-T1					Oalv|OALVG00000000208.1	Ofra|OFRAG00000007071.1			Pech|nbis-mrna-8156	Rpac|RPACG00000026632.1					
OG0022886													Lluy|FUN_012667-T1					Oalv|OALVG00000000483.3	Ofra|OFRAG00000007886.1			Pech|nbis-mrna-14688	Rpac|RPACG00000025180.2					
OG0022897													Lluy|FUN_014726-T1					Oalv|OALVG00000009100.1	Ofra|OFRAG00000011649.1			Pech|nbis-mrna-11147	Rpac|RPACG00000025848.1					
OG0022900													Lluy|FUN_014836-T1					Oalv|OALVG00000010550.1	Ofra|OFRAG00000012227.1			Pech|nbis-mrna-17514	Rpac|RPACG00000004746.1					
OG0022904													Lluy|FUN_015624-T1					Oalv|OALVG00000006641.1	Ofra|OFRAG00000015036.1			Pech|nbis-mrna-18930	Rpac|RPACG00000001172.1					
OG0022918													Lluy|FUN_018198-T1					Oalv|OALVG00000020072.1	Ofra|OFRAG00000013008.1			Pech|nbis-mrna-19669	Rpac|RPACG00000021165.1					
OG0022919													Lluy|FUN_018200-T1					Oalv|OALVG00000020073.1	Ofra|OFRAG00000013009.1			Pech|nbis-mrna-19670	Rpac|RPACG00000021161.1					
OG0022929													Lluy|FUN_020398-T1					Oalv|OALVG00000004408.1	Ofra|OFRAG00000005511.1			Pech|nbis-mrna-8189	Rpac|RPACG00000001707.1					
OG0022930													Lluy|FUN_020474-T1					Oalv|OALVG00000028964.1	Ofra|OFRAG00000015792.1			Pech|nbis-mrna-2267	Rpac|RPACG00000022376.1					
OG0022935													Lluy|FUN_021515-T1					Oalv|OALVG00000034574.1	Ofra|OFRAG00000010393.1			Pech|nbis-mrna-1524	Rpac|RPACG00000017307.1					
OG0022952													Lluy|FUN_023166-T1					Oalv|OALVG00000012607.1	Ofra|OFRAG00000010452.1			Pech|nbis-mrna-8233	Rpac|RPACG00000000932.1					
OG0022953													Lluy|FUN_023446-T1					Oalv|OALVG00000020837.2	Ofra|OFRAG00000000349.1			Pech|nbis-mrna-11274	Rpac|RPACG00000013719.1					
OG0022954													Lluy|FUN_023483-T1					Oalv|OALVG00000003932.1	Ofra|OFRAG00000011290.1				Rpac|RPACG00000031049.1, Rpac|RPACG00000031052.1					
OG0022958													Lluy|FUN_014355-T1, Lluy|FUN_024294-T1					Oalv|OALVG00000027368.1	Ofra|OFRAG00000012389.1				Rpac|RPACG00000032369.1					
OG0022960													Lluy|FUN_024763-T1					Oalv|OALVG00000003854.1	Ofra|OFRAG00000009526.1			Pech|nbis-mrna-21401	Rpac|RPACG00000009232.1					
OG0022970													Lluy|FUN_026897-T1					Oalv|OALVG00000035014.1	Ofra|OFRAG00000017777.1			Pech|nbis-mrna-19196	Rpac|RPACG00000028267.1					
OG0022975													Lluy|FUN_027826-T1					Oalv|OALVG00000003182.1	Ofra|OFRAG00000006601.1			Pech|nbis-mrna-8313	Rpac|RPACG00000019215.1					
OG0022980													Lluy|FUN_028130-T1					Oalv|OALVG00000028490.1	Ofra|OFRAG00000005602.1			Pech|nbis-mrna-5799	Rpac|RPACG00000007810.1					
OG0022990													Lluy|FUN_029496-T1, Lluy|FUN_029498-T1					Oalv|OALVG00000005554.1	Ofra|OFRAG00000008853.1				Rpac|RPACG00000006212.1					
OG0022991													Lluy|FUN_029541-T1, Lluy|FUN_029543-T1					Oalv|OALVG00000012218.1	Ofra|OFRAG00000000271.1				Rpac|RPACG00000006715.1					
OG0022993													Lluy|FUN_030219-T1					Oalv|OALVG00000023645.1	Ofra|OFRAG00000012670.1			Pech|nbis-mrna-20421	Rpac|RPACG00000032793.1					
OG0022994													Lluy|FUN_030223-T1					Oalv|OALVG00000023644.1	Ofra|OFRAG00000012671.1			Pech|nbis-mrna-20420	Rpac|RPACG00000032788.1					
OG0023005													Lluy|FUN_032330-T1					Oalv|OALVG00000017621.1	Ofra|OFRAG00000001387.1			Pech|nbis-mrna-4976	Rpac|RPACG00000016193.1					
OG0023006													Lluy|FUN_032613-T1					Oalv|OALVG00000031997.1	Ofra|OFRAG00000016100.1			Pech|nbis-mrna-22245	Rpac|RPACG00000000835.1					
OG0023007													Lluy|FUN_032643-T1					Oalv|OALVG00000009543.1, Oalv|OALVG00000009546.1	Ofra|OFRAG00000000684.1				Rpac|RPACG00000026424.1					
OG0023009													Lluy|FUN_032836-T1					Oalv|OALVG00000023394.1	Ofra|OFRAG00000017174.1			Pech|nbis-mrna-16164	Rpac|RPACG00000002931.1					
OG0023023													Lluy|FUN_034500-T1					Oalv|OALVG00000028475.1	Ofra|OFRAG00000006666.1				Rpac|RPACG00000007781.1, Rpac|RPACG00000007784.1					
OG0023029													Lluy|FUN_035267-T1					Oalv|OALVG00000011316.1, Oalv|OALVG00000011937.1	Ofra|OFRAG00000012900.1				Rpac|RPACG00000031453.1					
OG0023032													Lluy|FUN_017323-T1, Lluy|FUN_025491-T1, Lluy|FUN_035539-T1, Lluy|FUN_040683-T1						Ofra|OFRAG00000016535.1									
OG0023033													Lluy|FUN_035543-T1					Oalv|OALVG00000032250.1	Ofra|OFRAG00000013484.1			Pech|nbis-mrna-19707	Rpac|RPACG00000027461.1					
OG0023036													Lluy|FUN_036725-T1, Lluy|FUN_038937-T1						Ofra|OFRAG00000015145.1, Ofra|OFRAG00000015147.1, Ofra|OFRAG00000015149.1									
OG0023043													Lluy|FUN_038009-T1					Oalv|OALVG00000006870.1	Ofra|OFRAG00000013665.1			Pech|nbis-mrna-18956	Rpac|RPACG00000010554.1					
OG0023044													Lluy|FUN_038457-T1					Oalv|OALVG00000004416.1	Ofra|OFRAG00000004976.1				Rpac|RPACG00000016654.1, Rpac|RPACG00000031730.1					
OG0023045													Lluy|FUN_038620-T1					Oalv|OALVG00000027465.1	Ofra|OFRAG00000014298.1, Ofra|OFRAG00000014299.1				Rpac|RPACG00000037032.1					
OG0023047													Lluy|FUN_038906-T1					Oalv|OALVG00000010154.1	Ofra|OFRAG00000004551.1			Pech|nbis-mrna-5519	Rpac|RPACG00000000487.1					
OG0023054													Lluy|FUN_039808-T1, Lluy|FUN_039809-T1					Oalv|OALVG00000011446.1, Oalv|OALVG00000011447.1	Ofra|OFRAG00000015196.1									
OG0023055													Lluy|FUN_039908-T1					Oalv|OALVG00000001925.1	Ofra|OFRAG00000011492.1			Pech|nbis-mrna-5994	Rpac|RPACG00000030277.1					
OG0023061													Lluy|FUN_014136-T1, Lluy|FUN_040805-T1					Oalv|OALVG00000011251.1	Ofra|OFRAG00000012381.1				Rpac|RPACG00000028349.1					
OG0023062													Lluy|FUN_000540-T1					Oalv|OALVG00000023110.1	Ofra|OFRAG00000017579.1			Pech|nbis-mrna-16123	Rpac|RPACG00000008442.1					
OG0023067													Lluy|FUN_001818-T1					Oalv|OALVG00000003418.1	Ofra|OFRAG00000005654.1			Pech|nbis-mrna-13545	Rpac|RPACG00000032958.1					
OG0023072													Lluy|FUN_002632-T1					Oalv|OALVG00000026075.1	Ofra|OFRAG00000004416.1, Ofra|OFRAG00000008303.1				Rpac|RPACG00000008044.1					
OG0023084													Lluy|FUN_003630-T1					Oalv|OALVG00000024269.1	Ofra|OFRAG00000005922.1				Rpac|RPACG00000024904.1, Rpac|RPACG00000024906.1					
OG0023087													Lluy|FUN_004628-T1					Oalv|OALVG00000029502.1	Ofra|OFRAG00000006870.1			Pech|nbis-mrna-10021	Rpac|RPACG00000004723.1					
OG0023110													Lluy|FUN_014221-T1					Oalv|OALVG00000012599.1, Oalv|OALVG00000012600.1	Ofra|OFRAG00000016099.1				Rpac|RPACG00000000912.1					
OG0023507																		Oalv|OALVG00000005796.1	Ofra|OFRAG00000000610.1, Ofra|OFRAG00000000612.1			Pech|nbis-mrna-21772	Rpac|RPACG00000002337.1					
OG0026816													Lluy|FUN_012911-T1					Oalv|OALVG00000031964.1	Ofra|OFRAG00000013386.1				Rpac|RPACG00000013029.1					
OG0026820													Lluy|FUN_023675-T1					Oalv|OALVG00000030872.2	Ofra|OFRAG00000008768.1				Rpac|RPACG00000007146.1					
OG0026830													Lluy|FUN_033608-T1					Oalv|OALVG00000028015.1	Ofra|OFRAG00000008140.1				Rpac|RPACG00000021447.1					
OG0026839													Lluy|FUN_002117-T1					Oalv|OALVG00000032057.1	Ofra|OFRAG00000008218.1				Rpac|RPACG00000010857.1					
OG0026849													Lluy|FUN_011944-T1					Oalv|OALVG00000022433.1	Ofra|OFRAG00000000516.1				Rpac|RPACG00000026941.1					
OG0026861													Lluy|FUN_014474-T1					Oalv|OALVG00000025925.1	Ofra|OFRAG00000017815.1				Rpac|RPACG00000016595.1					
OG0026877													Lluy|FUN_017742-T1					Oalv|OALVG00000002512.1	Ofra|OFRAG00000002676.1				Rpac|RPACG00000001644.1					
OG0026885													Lluy|FUN_019402-T1					Oalv|OALVG00000002822.1	Ofra|OFRAG00000002097.1				Rpac|RPACG00000028967.1					
OG0026894													Lluy|FUN_022475-T1					Oalv|OALVG00000020897.1	Ofra|OFRAG00000011153.1				Rpac|RPACG00000008702.1					
OG0026933													Lluy|FUN_002732-T1, Lluy|FUN_008071-T1, Lluy|FUN_031142-T1						Ofra|OFRAG00000015924.1									
OG0026967													Lluy|FUN_037857-T1					Oalv|OALVG00000001711.1	Ofra|OFRAG00000012918.1				Rpac|RPACG00000021533.1					
OG0026992													Lluy|FUN_001431-T1					Oalv|OALVG00000004646.1	Ofra|OFRAG00000010252.1				Rpac|RPACG00000007126.1					
OG0026993													Lluy|FUN_001438-T1					Oalv|OALVG00000024853.1	Ofra|OFRAG00000015763.1				Rpac|RPACG00000034737.1					
OG0027017													Lluy|FUN_005706-T1					Oalv|OALVG00000020273.1	Ofra|OFRAG00000015613.1				Rpac|RPACG00000010761.1					
OG0027029													Lluy|FUN_006994-T1					Oalv|OALVG00000032034.1	Ofra|OFRAG00000000455.1				Rpac|RPACG00000000870.1					
OG0027032													Lluy|FUN_007587-T1					Oalv|OALVG00000022704.1	Ofra|OFRAG00000004902.1				Rpac|RPACG00000001040.1					
OG0027042													Lluy|FUN_009767-T1					Oalv|OALVG00000016962.1	Ofra|OFRAG00000001372.1				Rpac|RPACG00000031000.1					
OG0027044													Lluy|FUN_009786-T1					Oalv|OALVG00000023754.1	Ofra|OFRAG00000016496.1				Rpac|RPACG00000031017.1					
OG0027057													Lluy|FUN_011319-T1					Oalv|OALVG00000029555.1	Ofra|OFRAG00000015039.1				Rpac|RPACG00000019263.1					
OG0027063													Lluy|FUN_012098-T1						Ofra|OFRAG00000013215.1			Pech|nbis-mrna-18028	Rpac|RPACG00000007472.1					
OG0027064													Lluy|FUN_012185-T1					Oalv|OALVG00000005972.1	Ofra|OFRAG00000000518.1				Rpac|RPACG00000014904.1					
OG0027097													Lluy|FUN_015218-T1					Oalv|OALVG00000026540.1	Ofra|OFRAG00000005056.1				Rpac|RPACG00000003184.1					
OG0027101													Lluy|FUN_015385-T1					Oalv|OALVG00000031647.1	Ofra|OFRAG00000014017.1				Rpac|RPACG00000015981.1					
OG0027113													Lluy|FUN_017140-T1					Oalv|OALVG00000011485.1	Ofra|OFRAG00000004406.1				Rpac|RPACG00000003118.1					
OG0027114													Lluy|FUN_017268-T1					Oalv|OALVG00000004967.1	Ofra|OFRAG00000006162.1				Rpac|RPACG00000006473.1					
OG0027123													Lluy|FUN_018219-T1, Lluy|FUN_023029-T1						Ofra|OFRAG00000013342.1				Rpac|RPACG00000004467.1					
OG0027137													Lluy|FUN_019583-T1					Oalv|OALVG00000005212.1	Ofra|OFRAG00000002360.1				Rpac|RPACG00000008860.1					
OG0027138													Lluy|FUN_019584-T1					Oalv|OALVG00000005213.1	Ofra|OFRAG00000009281.1				Rpac|RPACG00000008861.1					
OG0027145													Lluy|FUN_020213-T1					Oalv|OALVG00000029953.1	Ofra|OFRAG00000000385.1				Rpac|RPACG00000030149.1					
OG0027147													Lluy|FUN_020475-T1					Oalv|OALVG00000028963.1	Ofra|OFRAG00000017317.1				Rpac|RPACG00000022374.1					
OG0027168													Lluy|FUN_022211-T1					Oalv|OALVG00000035810.1	Ofra|OFRAG00000008434.1				Rpac|RPACG00000011240.1					
OG0027178													Lluy|FUN_022828-T1					Oalv|OALVG00000004571.1	Ofra|OFRAG00000001394.1				Rpac|RPACG00000018977.1					
OG0027192													Lluy|FUN_023412-T1					Oalv|OALVG00000001830.1	Ofra|OFRAG00000008436.1				Rpac|RPACG00000025423.1					
OG0027230													Lluy|FUN_026982-T1					Oalv|OALVG00000016559.1	Ofra|OFRAG00000003239.1				Rpac|RPACG00000018366.1					
OG0027246													Lluy|FUN_028127-T1					Oalv|OALVG00000028498.1	Ofra|OFRAG00000015258.1				Rpac|RPACG00000007814.1					
OG0027247													Lluy|FUN_028129-T1					Oalv|OALVG00000028495.1	Ofra|OFRAG00000008346.1				Rpac|RPACG00000007812.1					
OG0027261													Lluy|FUN_028739-T1					Oalv|OALVG00000024142.1	Ofra|OFRAG00000001778.1				Rpac|RPACG00000002511.1					
OG0027280													Lluy|FUN_031426-T1					Oalv|OALVG00000023696.1	Ofra|OFRAG00000004990.1				Rpac|RPACG00000004903.1					
OG0027283													Lluy|FUN_031739-T1					Oalv|OALVG00000024890.1	Ofra|OFRAG00000016080.1				Rpac|RPACG00000007077.1					
OG0027290													Lluy|FUN_032300-T1					Oalv|OALVG00000033790.1	Ofra|OFRAG00000008033.1				Rpac|RPACG00000020771.1					
OG0027298													Lluy|FUN_032943-T1					Oalv|OALVG00000008623.1	Ofra|OFRAG00000005531.1				Rpac|RPACG00000029368.1					
OG0027320													Lluy|FUN_034922-T1					Oalv|OALVG00000019393.1	Ofra|OFRAG00000007725.1				Rpac|RPACG00000008305.1					
OG0027322													Lluy|FUN_035040-T1, Lluy|FUN_035043-T1						Ofra|OFRAG00000013795.1				Rpac|RPACG00000014593.1					
OG0027325													Lluy|FUN_035483-T1					Oalv|OALVG00000002353.1	Ofra|OFRAG00000015123.1				Rpac|RPACG00000003285.1					
OG0027343													Lluy|FUN_037162-T1					Oalv|OALVG00000001422.1	Ofra|OFRAG00000008857.1				Rpac|RPACG00000001302.1					
OG0027356													Lluy|FUN_039055-T1					Oalv|OALVG00000029429.1	Ofra|OFRAG00000000526.1				Rpac|RPACG00000012304.1					
OG0027367													Lluy|FUN_040340-T1					Oalv|OALVG00000034581.1	Ofra|OFRAG00000004617.1				Rpac|RPACG00000017314.1					
OG0027396													Lluy|FUN_002588-T1					Oalv|OALVG00000033584.1	Ofra|OFRAG00000012601.1				Rpac|RPACG00000030492.1					
OG0027413													Lluy|FUN_003597-T1					Oalv|OALVG00000005486.1	Ofra|OFRAG00000008891.1				Rpac|RPACG00000005565.1					
OG0027422													Lluy|FUN_004723-T1					Oalv|OALVG00000011005.1	Ofra|OFRAG00000004354.1				Rpac|RPACG00000020110.1					
OG0027437													Lluy|FUN_005475-T1					Oalv|OALVG00000025348.1	Ofra|OFRAG00000015910.1				Rpac|RPACG00000035273.1					
OG0027462													Lluy|FUN_009230-T1					Oalv|OALVG00000021841.1	Ofra|OFRAG00000014935.1				Rpac|RPACG00000023752.1					
OG0027498													Lluy|FUN_019735-T1					Oalv|OALVG00000003964.1	Ofra|OFRAG00000017705.1				Rpac|RPACG00000008591.1					
OG0027503													Lluy|FUN_025517-T1					Oalv|OALVG00000013590.1	Ofra|OFRAG00000015031.1				Rpac|RPACG00000019091.1					
OG0027507													Lluy|FUN_030048-T1					Oalv|OALVG00000014961.1	Ofra|OFRAG00000003109.1				Rpac|RPACG00000019151.1					
OG0028139																		Oalv|OALVG00000003420.1, Oalv|OALVG00000006652.1, Oalv|OALVG00000011789.1	Ofra|OFRAG00000000991.1									
OG0028186																		Oalv|OALVG00000013016.1	Ofra|OFRAG00000003699.1			Pech|nbis-mrna-20134	Rpac|RPACG00000022284.1					
OG0028202																		Oalv|OALVG00000017284.1	Ofra|OFRAG00000015020.1			Pech|nbis-mrna-20467	Rpac|RPACG00000010489.1					
OG0028246																		Oalv|OALVG00000028288.1	Ofra|OFRAG00000012600.1				Rpac|RPACG00000020761.1, Rpac|RPACG00000034094.1					
OG0028273																			Ofra|OFRAG00000001521.1, Ofra|OFRAG00000001576.1				Rpac|RPACG00000003251.1, Rpac|RPACG00000003253.1					
OG0033558													Lluy|FUN_029156-T1					Oalv|OALVG00000021171.1	Ofra|OFRAG00000008506.1									
OG0033617													Lluy|FUN_039476-T1						Ofra|OFRAG00000013921.1				Rpac|RPACG00000020611.1					
OG0033623													Lluy|FUN_039671-T1						Ofra|OFRAG00000015082.1				Rpac|RPACG00000026848.1					
OG0033768													Lluy|FUN_012759-T1						Ofra|OFRAG00000005479.1				Rpac|RPACG00000031813.1					
OG0033772													Lluy|FUN_013478-T1					Oalv|OALVG00000017059.1	Ofra|OFRAG00000004516.1									
OG0033978													Lluy|FUN_026326-T1						Ofra|OFRAG00000013632.1			Pech|nbis-mrna-3204						
OG0033989													Lluy|FUN_027022-T1						Ofra|OFRAG00000011398.1				Rpac|RPACG00000015860.1					
OG0034065													Lluy|FUN_030686-T1						Ofra|OFRAG00000012489.1				Rpac|RPACG00000036196.1					
OG0034088													Lluy|FUN_032169-T1						Ofra|OFRAG00000013249.1				Rpac|RPACG00000008222.1					
OG0034185													Lluy|FUN_038103-T1						Ofra|OFRAG00000000603.1, Ofra|OFRAG00000000604.1									
OG0034245													Lluy|FUN_000928-T1						Ofra|OFRAG00000011927.1				Rpac|RPACG00000012272.1					
OG0034372													Lluy|FUN_013289-T1						Ofra|OFRAG00000017140.1				Rpac|RPACG00000033369.1					
OG0035607																		Oalv|OALVG00000001321.1	Ofra|OFRAG00000014769.1				Rpac|RPACG00000010118.1					
OG0035629																		Oalv|OALVG00000002996.1	Ofra|OFRAG00000012189.1				Rpac|RPACG00000032433.1					
OG0035654																		Oalv|OALVG00000004529.1	Ofra|OFRAG00000001042.1, Ofra|OFRAG00000001043.1									
OG0035822																		Oalv|OALVG00000027525.1	Ofra|OFRAG00000007538.1				Rpac|RPACG00000000232.1					
OG0035898																			Ofra|OFRAG00000004958.1			Pech|nbis-mrna-5204	Rpac|RPACG00000023782.1					
OG0035917																			Ofra|OFRAG00000007941.1			Pech|nbis-mrna-14286	Rpac|RPACG00000012632.1					
OG0035921																			Ofra|OFRAG00000008513.1			Pech|nbis-mrna-19765	Rpac|RPACG00000034308.1					
OG0045785													Lluy|FUN_027903-T1						Ofra|OFRAG00000004681.1									
OG0045836													Lluy|FUN_036052-T1						Ofra|OFRAG00000004552.1									
OG0045903													Lluy|FUN_003198-T1						Ofra|OFRAG00000004956.1									
OG0045941													Lluy|FUN_006091-T1						Ofra|OFRAG00000003276.1									
OG0045958													Lluy|FUN_008213-T1						Ofra|OFRAG00000013957.1									
OG0046113													Lluy|FUN_017416-T1						Ofra|OFRAG00000014276.1									
OG0046244													Lluy|FUN_024123-T1						Ofra|OFRAG00000001815.1									
OG0046256													Lluy|FUN_024656-T1						Ofra|OFRAG00000003460.1									
OG0046447													Lluy|FUN_033278-T1						Ofra|OFRAG00000015850.1									
OG0046799													Lluy|FUN_013614-T1						Ofra|OFRAG00000007561.1									
OG0046811													Lluy|FUN_014770-T1						Ofra|OFRAG00000014795.1									
OG0050039																		Oalv|OALVG00000019156.1	Ofra|OFRAG00000000358.1									
OG0050325																		Oalv|OALVG00000034273.1	Ofra|OFRAG00000010157.1									
OG0050423																			Ofra|OFRAG00000004513.1				Rpac|RPACG00000019128.1					
OG0050523																			Ofra|OFRAG00000012318.1			Pech|nbis-mrna-11655						
OG0050562																			Ofra|OFRAG00000015501.1				Rpac|RPACG00000004760.1					
OG0050581																			Ofra|OFRAG00000017234.1				Rpac|RPACG00000024473.1					
OG0050590																			Ofra|OFRAG00000017942.1				Rpac|RPACG00000034216.1					
