Orthogroup	Panther_annotation
OG0000067	
OG0000144	 ACETYLCHOLINESTERASE
OG0000176	 MELANOPSIN
OG0000187	
OG0000212	 LEUCOKININ RECEPTOR-RELATED
OG0000238	
OG0000277	
OG0000291	 DOWN SYNDROME CELL ADHESION MOLECULE
OG0000305	 SUBTILASE-TYPE PROTEINASE RRT12
OG0000335	
OG0000368	 15-HYDROXYPROSTAGLANDIN DEHYDROGENASE [NAD(+)]
OG0000381	
OG0000386	
OG0000392	 PROSTAGLANDIN E2 RECEPTOR EP4 SUBTYPE-LIKE PROTEIN
OG0000427	 LACTASE-PHLORIZIN HYDROLASE
OG0000457	
OG0000461	 OVOINHIBITOR
OG0000500	 DIRIGENT PROTEIN
OG0000504	
OG0000510	
OG0000512	 NNMT/PNMT/TEMT FAMILY MEMBER
OG0000556	
OG0000567	
OG0000574	 STIMULATED BY RETINOIC ACID GENE 6 PROTEIN-LIKE
OG0000582	
OG0000597	 .
OG0000639	
OG0000644	 GUSTATORY RECEPTOR 5A FOR TREHALOSE-RELATED
OG0000660	 TENASCIN-X
OG0000678	 AMILORIDE-SENSITIVE AMINE OXIDASE [COPPER-CONTAINING]
OG0000686	 FAMILY NOT NAMED
OG0000700	 HRAS-LIKE SUPPRESSOR - RELATED
OG0000710	
OG0000715	
OG0000723	 PROTEIN DDB_G0287365
OG0000740	
OG0000743	 RH04535P
OG0000757	 EXTRACELLULAR AGARASE
OG0000803	 PANCREATIC ALPHA-AMYLASE
OG0000819	 .
OG0000826	 GLYCOSYL HYDROLASE
OG0000837	
OG0000843	
OG0000851	 AMIDASE
OG0000864	 SUBFAMILY NOT NAMED
OG0000920	 PROTEIN STAR
OG0000939	 SUBFAMILY NOT NAMED
OG0000945	 "PROTEIN 45B PUTATIVE-RELATED"
OG0000977	 RBR-TYPE E3 UBIQUITIN TRANSFERASE
OG0001017	 ARYLSULFATASE E
OG0001049	 REGUCALCIN
OG0001059	
OG0001061	 FRIZZLED-7
OG0001082	
OG0001086	
OG0001092	 CYTOCHROME P450 4V2
OG0001109	
OG0001116	
OG0001118	
OG0001119	
OG0001120	
OG0001131	 PHYTANOYL-COA DIOXYGENASE-LIKE
OG0001139	 AMINE OXIDASE [FLAVIN-CONTAINING] B
OG0001143	 BETAINE--HOMOCYSTEINE S-METHYLTRANSFERASE 2
OG0001153	 G PROTEIN-COUPLED RECEPTOR 157-RELATED
OG0001182	 PROTEIN CBG17840
OG0001234	 FAMILY NOT NAMED
OG0001236	 MACROPHAGE-EXPRESSED GENE 1 PROTEIN
OG0001240	
OG0001243	 LONG-CHAIN FATTY ACID TRANSPORT PROTEIN
OG0001248	
OG0001260	 FAMILY NOT NAMED
OG0001263	 GUANYLATE-BINDING PROTEIN 6
OG0001284	 ACYL-COENZYME A THIOESTERASE-RELATED
OG0001297	 "BETA BETA-CAROTENE 9' 10'-OXYGENASE"
OG0001308	
OG0001318	
OG0001326	 VON WILLEBRAND FACTOR A DOMAIN-CONTAINING PROTEIN 5A
OG0001345	 OXALATE/FORMATE ANTIPORTER
OG0001350	
OG0001374	 BETA-GALACTOSIDASE-1-LIKE PROTEIN 2
OG0001381	 NADH-SPECIFIC METHYLGLYOXAL REDUCTASE-RELATED
OG0001447	 G-PROTEIN COUPLED RECEPTOR 157
OG0001477	 LEUCINE-RICH REPEAT AND FIBRONECTIN TYPE-III DOMAIN-CONTAINING PROTEIN 4
OG0001478	 WERNER SYNDROME ATP-DEPENDENT HELICASE
OG0001565	
OG0001577	 MULTIDRUG RESISTANCE-ASSOCIATED PROTEIN 9
OG0001628	
OG0001638	 "TRANS-1 2-DIHYDROBENZENE-1 2-DIOL DEHYDROGENASE"
OG0001683	
OG0001757	 SUBFAMILY NOT NAMED
OG0001760	 .
OG0001761	
OG0001768	 DIAMINE ACETYLTRANSFERASE 2
OG0001828	 SUBFAMILY NOT NAMED
OG0001832	 GAMMA-BUTYROBETAINE DIOXYGENASE
OG0001846	
OG0001863	 "EARLY GENE AT 23 ISOFORM C"
OG0001897	
OG0001918	
OG0001954	 FAMILY NOT NAMED
OG0001985	
OG0001987	 .
OG0001994	 SLL0310 PROTEIN
OG0002009	 DEHYDROGENASE/REDUCTASE SDR FAMILY MEMBER 1
OG0002010	 RANBP-TYPE AND C3HC4-TYPE ZINC FINGER-CONTAINING PROTEIN 1
OG0002020	 GLUTATHIONE S-TRANSFERASE RHO
OG0002049	 FAT ATYPICAL CADHERIN-RELATED
OG0002078	
OG0002079	
OG0002082	 PHYTANOYL-COA DIOXYGENASE-RELATED-RELATED
OG0002093	
OG0002094	
OG0002103	 EPOXIDE HYDROLASE 1
OG0002110	 CATALASE
OG0002121	 EPOXIDE HYDROLASE
OG0002124	
OG0002133	 FLAVIN REDUCTASE (NADPH)
OG0002154	 ASTROCYTIC LEUCINE-RICH REPEAT MOLECULE-RELATED
OG0002188	 CYTOCHROME P450 26C1
OG0002205	 SUBFAMILY NOT NAMED
OG0002224	 WNT INHIBITORY FACTOR 1
OG0002229	
OG0002281	 LIGAND OF NUMB PROTEIN X 2
OG0002330	 CYTOCHROME P450 1A2-LIKE
OG0002375	 NITRIC OXIDE SYNTHASE
OG0002441	 MONOCARBOXYLATE TRANSPORTER
OG0002443	 BLR6086 PROTEIN
OG0002456	 TRANSMEMBRANE PROTEASE SERINE
OG0002465	
OG0002492	 SERINE / THREONINE RACEMASE FAMILY MEMBER
OG0002592	
OG0002595	
OG0002621	 TRANSPORTER
OG0002623	 UNNAMED PRODUCT
OG0002629	 AMMONIUM TRANSPORTER
OG0002633	 "BETA BETA-CAROTENE 15 15'-DIOXYGENASE"
OG0002665	
OG0002746	 POLY [ADP-RIBOSE] POLYMERASE 1
OG0002765	
OG0002789	
OG0002832	 PROTEIN CBG07665
OG0002935	
OG0002948	 SUBFAMILY NOT NAMED
OG0002950	
OG0002986	 ENOYL-COA HYDRATASE/ISOMERASE FAMILY PROTEIN (AFU_ORTHOLOGUE AFUA_2G14850)
OG0003050	
OG0003075	
OG0003094	
OG0003127	
OG0003165	
OG0003167	
OG0003181	
OG0003264	 LEUCOKININ RECEPTOR-RELATED
OG0003354	
OG0003407	 .
OG0003425	
OG0003428	
OG0003429	
OG0003431	
OG0003457	 ZGC:110366
OG0003473	 QUINONE OXIDOREDUCTASE
OG0003483	
OG0003581	
OG0003597	 NEUTRAL CERAMIDASE-RELATED
OG0003720	 "TRIPARTITE MOTIF-CONTAINING 33 -LIKE"
OG0003733	 SUBFAMILY NOT NAMED
OG0003741	 POLYCYSTIN-1
OG0003780	 "GDAP1 ISOFORM A"
OG0003817	 CRYPTOCHROME CIRCADIAN REGULATOR 5
OG0003848	 RAS GTPASE-ACTIVATING PROTEIN 3
OG0003966	 .
OG0004011	 TUBBY-RELATED PROTEIN 4
OG0004029	
OG0004058	
OG0004079	
OG0004176	 NEDD8 ULTIMATE BUSTER-1 BS4 PROTEIN
OG0004202	 SUBFAMILY NOT NAMED
OG0004405	 KYNURENINE 3-MONOOXYGENASE
OG0004435	
OG0004455	
OG0004458	
OG0004575	
OG0004604	 .
OG0004682	 1-AMINOCYCLOPROPANE-1-CARBOXYLATE SYNTHASE-LIKE PROTEIN 1
OG0004913	
OG0004921	
OG0004974	
OG0005206	 "RHO-RELATED BTB DOMAIN CONTAINING ISOFORM B"
OG0005309	
OG0005416	 ARYLAMINE N-ACETYLTRANSFERASE
OG0005453	 SUBFAMILY NOT NAMED
OG0005457	 TM2 DOMAIN-CONTAINING PROTEIN 1
OG0005475	
OG0005483	 SIDESTEP PROTEIN
OG0005515	 NAD-DEPENDENT 2-HYDROXYACID DEHYDROGENASE-RELATED
OG0005521	 "LONG-CHAIN SPECIFIC ACYL-COA DEHYDROGENASE MITOCHONDRIAL"
OG0005543	 MAHOGANY
OG0005847	 "TRYPTOPHAN 2 3-DIOXYGENASE"
OG0005987	
OG0005991	 SUBFAMILY NOT NAMED
OG0006021	
OG0006022	
OG0006023	 SOLUTE CARRIER FAMILY 39
OG0006027	
OG0006028	
OG0006029	
OG0006054	
OG0006118	
OG0006128	 RAS AND EF-HAND DOMAIN-CONTAINING PROTEIN
OG0006199	 COLLAGEN ALPHA-1(XIV) CHAIN
OG0006436	
OG0006560	
OG0006565	
OG0006584	 LIPOCALIN-RELATED PROTEIN-RELATED
OG0006591	 .
OG0006596	
OG0006628	 .
OG0006900	 FOLATE TRANSPORTER
OG0007049	
OG0007093	 SUBFAMILY NOT NAMED
OG0007121	 SUBFAMILY NOT NAMED
OG0007126	
OG0007127	
OG0007128	
OG0007160	 PEROXISOMAL TRANS-2-ENOYL-COA REDUCTASE
OG0007190	 EF-HAND CALCIUM-BINDING DOMAIN-CONTAINING PROTEIN 6
OG0007276	 UNCHARACTERIZED
OG0007296	 NAD(P)H-DEPENDENT FMN REDUCTASE LOT6
OG0007297	 ISOAMYL ACETATE-HYDROLYZING ESTERASE 1 HOMOLOG
OG0007311	 GLUCOSE-6-PHOSPHATASE
OG0007329	 SUBFAMILY NOT NAMED
OG0007430	 ZGC:154075
OG0007498	 CENTROSOMAL PROTEIN OF 170 KDA PROTEIN B
OG0007520	 "PHYTANOYL-COA DIOXYGENASE PEROXISOMAL"
OG0007522	 PIRIN-RELATED
OG0007549	 FATTY-ACID AMIDE HYDROLASE
OG0007576	 PROTEIN CBG21859
OG0007716	 SUBFAMILY NOT NAMED
OG0007728	
OG0007768	 PROTEASE FAMILY M28 PLASMA GLUTAMATE CARBOXYPEPTIDASE-RELATED
OG0007811	 KAZRIN-RELATED
OG0007847	 CATION-INDEPENDENT MANNOSE-6-PHOSPHATE RECEPTOR
OG0007866	 ALDEHYDE OXIDASE 1-RELATED
OG0007905	 CYTOCHROME P450 4AA1-RELATED
OG0007923	
OG0007989	
OG0008023	
OG0008043	
OG0008059	
OG0008066	 PERIPHERAL-TYPE BENZODIAZEPINE RECEPTOR
OG0008075	 PHOSPHOENOLPYRUVATE SYNTHASE-RELATED
OG0008083	 PHENAZINE BIOSYNTHESIS-LIKE DOMAIN-CONTAINING PROTEIN
OG0008120	 IL16-RELATED
OG0008140	 ATP-BINDING CASSETTE SUB-FAMILY D MEMBER 1
OG0008142	 SKELETOR-RELATED
OG0008159	
OG0008235	 "ACETYLTRANSFERASE GNAT FAMILY PROTEIN"
OG0008271	 WD REPEAT PROTEIN 26-RELATED
OG0008291	 TUMOR PROTEIN P53-INDUCIBLE PROTEIN 13
OG0008324	 DNA REPAIR PROTEIN RAD51 HOMOLOG 2
OG0008334	
OG0008342	 OPSIN
OG0008344	
OG0008351	
OG0008357	 ALKYL/ARYL-SULFATASE
OG0008384	 CALCIUM-BINDING PROTEIN CML45-RELATED
OG0008394	
OG0008400	 RECEPTOR-TYPE TYROSINE-PROTEIN PHOSPHATASE MU
OG0008403	
OG0008407	
OG0008408	
OG0008444	
OG0008458	
OG0008462	
OG0008477	 SUBFAMILY NOT NAMED
OG0008486	 SUBFAMILY NOT NAMED
OG0008513	 TRANSFORMER-2 SEX-DETERMINING PROTEIN-RELATED
OG0008521	 INTEGRAL MEMBRANE PROTEIN GPR155
OG0008528	 MONOACYLGLYCEROL LIPASE ABHD6
OG0008539	 TRANSMEMBRANE PROTEIN 79
OG0008615	 "AXOTACTIN ISOFORM C"
OG0008616	 CHOLESTEROL 25-HYDROXYLASE-LIKE PROTEIN 2
OG0008676	 SI:CH211-175F12.2
OG0008707	
OG0008708	
OG0008730	
OG0008735	 SUBFAMILY NOT NAMED
OG0008737	
OG0008738	
OG0008744	
OG0008789	 TELOMERIC REPEAT-BINDING FACTOR 2 TERF2
OG0008815	 LYSOSOMAL AMINO ACID TRANSPORTER 1
OG0008818	 CDNA SEQUENCE BC021608
OG0008826	
OG0008828	
OG0008835	
OG0008859	 COMPLEMENT COMPONENT-RELATED SUSHI DOMAIN-CONTAINING
OG0008867	 DTDP-4-DEHYDRORHAMNOSE REDUCTASE
OG0008878	 HERMANSKY-PUDLAK SYNDROME 3 PROTEIN
OG0008891	 UBIQUITINYL HYDROLASE 1
OG0008914	 MESODERM-SPECIFIC TRANSCRIPT HOMOLOG PROTEIN
OG0008948	
OG0008963	 BAX INHIBITOR 1
OG0008968	 5-FORMYLTETRAHYDROFOLATE CYCLO-LIGASE-RELATED
OG0008975	 NICOTINATE-NUCLEOTIDE PYROPHOSPHORYLASE [CARBOXYLATING]
OG0008979	 ACETYLCHOLINE RECEPTOR
OG0008984	
OG0008986	 .
OG0009010	
OG0009020	 FMRFAMIDE RECEPTOR-RELATED
OG0009023	
OG0009027	
OG0009033	 "ANKYRIN REPEAT PH AND SEC7 DOMAIN CONTAINING PROTEIN SECG-RELATED"
OG0009037	
OG0009151	 SUBFAMILY NOT NAMED
OG0009161	
OG0009163	 PLATELET-ACTIVATING FACTOR ACETYLHYDROLASE
OG0009166	 ZINC FINGER PROTEIN
OG0009172	 HARMONIN
OG0009184	 FAMILY NOT NAMED
OG0009194	 E3 UBIQUITIN-PROTEIN LIGASE RNF168
OG0009196	 2-AMINO-3-CARBOXYMUCONATE-6-SEMIALDEHYDE DECARBOXYLASE
OG0009225	 QUINONE OXIDOREDUCTASE PIG3
OG0009235	 STRUCTURAL MAINTENANCE OF CHROMOSOMES PROTEIN 2
OG0009238	 DNA-DIRECTED DNA/RNA POLYMERASE MU
OG0009263	 GAMMA-SECRETASE-ACTIVATING PROTEIN
OG0009264	 GLYOXALASE DOMAIN-CONTAINING PROTEIN 4
OG0009275	 60 KDA RIBONUCLEOPROTEIN SSA/RO
OG0009281	
OG0009303	
OG0009307	 .
OG0009308	 2-AMINOMUCONIC SEMIALDEHYDE DEHYDROGENASE
OG0009323	 AGAP007537-PB
OG0009329	
OG0009379	 TRANSCRIPTION ELONGATION FACTOR A N-TERMINAL AND CENTRAL DOMAIN-CONTAINING PROTEIN 2
OG0009391	 PROTEIN CBG16427
OG0009395	 "MIDKINE AND PLEIOTROPHIN 1 ISOFORM A-RELATED"
OG0009403	 "OXIDASE PUTATIVE-RELATED"
OG0009404	 ACYLOXYACYL HYDROLASE
OG0009427	 ANKYRIN REPEAT AND SOCS BOX PROTEIN 13
OG0009436	
OG0009438	 PROTEIN DISPATCHED HOMOLOG 3
OG0009454	 SUBFAMILY NOT NAMED
OG0009459	 DIPEPTIDYL PEPTIDASE FOUR (IV) FAMILY
OG0009463	 FAMILY NOT NAMED
OG0009478	
OG0009479	 PEPTIDASE C45
OG0009480	 CYSTATHIONINE BETA LYASE
OG0009481	 2-HYDROXYACYL-COA LYASE 1
OG0009491	 SUBFAMILY NOT NAMED
OG0009510	 ACYL-COA DEHYDROGENASE FAMILY MEMBER 11
OG0009512	 DAZ-ASSOCIATED PROTEIN 2
OG0009517	
OG0009537	 EG:BACR7A4.20 PROTEIN
OG0009540	 "3-HYDROXYANTHRANILATE 3 4-DIOXYGENASE"
OG0009572	 ZGC:85777
OG0009577	 EXPRESSED PROTEIN
OG0009583	 SUBFAMILY NOT NAMED
OG0009606	
OG0009609	
OG0009628	
OG0009677	 ZINC FINGER PROTEIN
OG0009678	 AGAP005361-PA
OG0009698	 GLUTAMINE AMIDOTRANSFERASE-LIKE CLASS 1 DOMAIN-CONTAINING PROTEIN 1
OG0009705	 SI:CH211-210C8.6
OG0009710	 PROSTAMIDE/PROSTAGLANDIN F SYNTHASE
OG0009711	
OG0009719	
OG0009739	 SUBFAMILY NOT NAMED
OG0009754	 DEOXYRIBODIPYRIMIDINE PHOTOLYASE
OG0009760	 ALPHA-METHYLACYL-COA RACEMASE
OG0009778	 F-BOX ONLY PROTEIN 31
OG0009780	 DNAJ HOMOLOG SUBFAMILY C MEMBER 28
OG0009786	 TRANSMEMBRANE PROTEIN 117
OG0009789	 SELENOPROTEIN J
OG0009804	 E3 UBIQUITIN-PROTEIN LIGASE NHLRC1-RELATED
OG0009809	 CORONIN-7
OG0009813	 QUINONE OXIDOREDUCTASE-LIKE PROTEIN 1
OG0009819	
OG0009828	 SI:DKEY-222B8.4
OG0009837	 SUBFAMILY NOT NAMED
OG0009843	 ENDOPLASMIC RETICULUM-GOLGI INTERMEDIATE COMPARTMENT PROTEIN 1
OG0009863	
OG0009867	 N-ACETYLTRANSFERASE ACA1
OG0009872	
OG0009887	 ACYL-COENZYME A THIOESTERASE 8
OG0009901	
OG0009907	 CIRCADIAN LOCOMOTER OUTPUT CYCLES PROTEIN KAPUT
OG0009909	
OG0009911	 RNA-BINDING ASCH DOMAIN PROTEIN
OG0009922	
OG0009929	
OG0009932	 TRANSMEMBRANE PROTEIN 163
OG0009937	 PROFILIN
OG0009939	 "5-HYDROXYTRYPTAMINE (SEROTONIN) RECEPTOR 2A ISOFORM B"
OG0009948	
OG0009953	
OG0010018	 GH17980P-RELATED
OG0010022	 PROTEIN FAM45A-RELATED
OG0010025	
OG0010036	
OG0010038	 ARRESTIN DOMAIN-CONTAINING PROTEIN D
OG0010039	 DEHYDROGENASE/REDUCTASE SDR FAMILY MEMBER 12
OG0010041	 FAMILY NOT NAMED
OG0010051	 SUBFAMILY NOT NAMED
OG0010052	 LD23561P
OG0010057	
OG0010061	
OG0010072	 "GLUTATHIONE REDUCTASE MITOCHONDRIAL"
OG0010073	
OG0010076	 GLYCOSYLTRANSFERASE 8 DOMAIN-CONTAINING PROTEIN 1
OG0010079	 ENOYL-COA HYDRATASE
OG0010083	
OG0010091	 SI:CH73-250A16.5
OG0010096	 UNCHARACTERIZED
OG0010102	 QUINONE OXIDOREDUCTASE-LIKE PROTEIN 2
OG0010109	 SI:CH211-59O9.10
OG0010135	 URIDINE DIPHOSPHATE GLUCOSE PYROPHOSPHATASE
OG0010137	
OG0010138	 MITOCHONDRIAL ATP SYNTHASE COUPLING FACTOR B
OG0010165	 FAMILY NOT NAMED
OG0010169	 HERMANSKY-PUDLAK SYNDROME 5 PROTEIN
OG0010176	 .
OG0010177	 RUN DOMAIN-CONTAINING 3 PROTEIN RUNDC3
OG0010183	 RBR FAMILY RING FINGER AND IBR DOMAIN-CONTAINING
OG0010195	 ANKYRIN REPEAT DOMAIN-CONTAINING PROTEIN 24
OG0010200	
OG0010214	 G PROTEIN-COUPLED RECEPTOR
OG0010223	
OG0010225	 MONOCARBOXYLATE TRANSPORTER
OG0010240	 SUBFAMILY NOT NAMED
OG0010241	
OG0010246	
OG0010300	 CYCLIN-DEPENDENT KINASE INHIBITOR 2C-RELATED
OG0010319	 MANNAN POLYMERASE II
OG0010320	 LD15753P
OG0010324	 VOLTAGE-DEPENDENT CALCIUM CHANNEL BETA SUBUNIT-ASSOCIATED REGULATORY PROTEIN
OG0010327	
OG0010333	 EF-HAND CALCIUM BINDING DOMAIN 3
OG0010339	 TUMOR NECROSIS FACTOR RECEPTOR
OG0010341	 DIFFERENTIAL DISPLAY AND ACTIVATED BY P53 DDA3 /G2 S PHASE EXPRESSED 1
OG0010346	 AMINOPEPTIDASE O
OG0010350	 CYTOSOLIC ACYL COENZYME A THIOESTER HYDROLASE
OG0010355	 PEROXISOMAL MEMBRANE PROTEIN 2
OG0010370	 "MAJOR FACILITATOR SUPERFAMILY TRANSPORTER 16 ISOFORM B"
OG0010371	 THREONINE SYNTHASE-LIKE 1
OG0010373	
OG0010375	 GLYCOSYLPHOSPHATIDYLINOSITOL PHOSPHOLIPASE D
OG0010384	 VESICLE-TRAFFICKING PROTEIN SEC22A
OG0010390	 SODIUM/BILE ACID COTRANSPORTER 7
OG0010391	 L-ASPARTATE DEHYDROGENASE-RELATED
OG0010393	 PROTEIN CHURCHILL
OG0010398	 KINESIN-LIKE PROTEIN KIF25
OG0010404	 FI02047P-RELATED
OG0010429	
OG0010445	 CALPAIN-A-RELATED
OG0010458	
OG0010463	
OG0010479	 TUBULIN ALPHA-1D CHAIN
OG0010480	
OG0010485	 TARTRATE-RESISTANT ACID PHOSPHATASE TYPE 5
OG0010486	
OG0010487	 MULTICOPPER OXIDASE-RELATED
OG0010507	
OG0010574	 GEO13458P1
OG0010577	 REQUIRED FOR EXCISION 1-B DOMAIN-CONTAINING PROTEIN
OG0010584	 "NEUTROPHIL CYTOSOLIC FACTOR 2 NEUTROPHIL NADPH OXIDASE FACTOR 2"
OG0010589	 THIAMINE-TRIPHOSPHATASE
OG0010616	 NY-REN-41 ANTIGEN L15 -RELATED
OG0010628	 APOPTOSIS-INDUCING FACTOR 2
OG0010631	 GAMMA-GLUTAMYLTRANSPEPTIDASE (AFU_ORTHOLOGUE AFUA_4G13580)
OG0010635	 UNCHARACTERIZED
OG0010643	 INTEGRAL MEMBRANE PROTEIN GPR180
OG0010645	 SUBFAMILY NOT NAMED
OG0010668	 "INSULIN-LIKE GROWTH FACTOR BINDING PROTEIN N-TERMINAL"
OG0010672	
OG0010678	 KINETOCHORE SCAFFOLD 1
OG0010679	 ELECTRON TRANSFER FLAVOPROTEIN BETA SUBUNIT LYSINE METHYLTRANSFERASE
OG0010687	 C-5 STEROL DESATURASE-LIKE PROTEIN-RELATED
OG0010693	
OG0010698	 GUANYLATE CYCLASE
OG0010705	
OG0010719	 FAMILY NOT NAMED
OG0010727	 TRANSIENT RECEPTOR POTENTIAL ION CHANNEL PROTEIN
OG0010747	 ANNEXIN
OG0010762	
OG0010775	
OG0010780	
OG0010788	
OG0010789	
OG0010791	
OG0010813	
OG0010880	 MANSC DOMAIN-CONTAINING PROTEIN 1
OG0010889	
OG0010896	
OG0010899	
OG0010904	 DAMAGE-SPECIFIC DNA BINDING PROTEIN 2
OG0010905	 G PROTEIN-COUPLED RECEPTOR
OG0010908	
OG0010909	 JMJC DOMAIN-CONTAINING PROTEIN 8
OG0010916	
OG0010918	
OG0010921	 "S-ACYL FATTY ACID SYNTHASE THIOESTERASE MEDIUM CHAIN"
OG0010924	
OG0010930	 UPF0696 PROTEIN C11ORF68
OG0010933	 SI:CH73-221F6.4-RELATED
OG0010941	 HALOALKANE DEHALOGENASE
OG0010945	 ECTOINE DIOXYGENASE
OG0010947	 MYELOID-DERIVED GROWTH FACTOR MYDGF
OG0010958	
OG0010960	 SPERMATOGENESIS-ASSOCIATED PROTEIN 48
OG0010962	 FATTY ACID DESATURASE 6
OG0010964	 "SIMILAR TO RIKEN CDNA 6430571L13 GENE SIMILAR TO G20 PROTEIN"
OG0010983	 ZINC FINGER PROTEIN ISOFORM X1
OG0010988	
OG0011004	 ADHESION G-PROTEIN COUPLED RECEPTOR
OG0011009	
OG0011017	 PEROXIREDOXIN-LIKE 2C
OG0011020	 NAD P H OXIDOREDUCTASE-RELATED
OG0011039	 MICROSOMAL GLUTATHIONE S-TRANSFERASE 2
OG0011047	
OG0011060	
OG0011062	
OG0011067	 .
OG0011074	
OG0011078	 "STEROID 17-ALPHA-HYDROXYLASE/17 20 LYASE"
OG0011087	
OG0011088	
OG0011097	
OG0011115	
OG0011179	 THYMOCYTE NUCLEAR PROTEIN 1
OG0011187	 D-XYLOSE-PROTON SYMPORTER-LIKE 2
OG0011189	
OG0011190	
OG0011198	 GLUTATHIONE S-TRANSFERASE
OG0011204	
OG0011206	 POLYCYSTIC KIDNEY DISEASE 1A-RELATED
OG0011213	 VOLTAGE-GATED POTASSIUM CHANNEL
OG0011221	 .
OG0011224	 CARBOXYLIC ESTER HYDROLASE-RELATED
OG0011226	 NEUROGENIC LOCUS NOTCH PROTEIN-LIKE PROTEIN
OG0011229	 CHOLINESTERASE
OG0011230	 "PROTEIN CLT2 CHLOROPLASTIC"
OG0011237	
OG0011239	 ADP-SUGAR PYROPHOSPHATASE
OG0011249	 SUBFAMILY NOT NAMED
OG0011250	 TNFAIP3-INTERACTING PROTEIN 1 ISOFORM X2
OG0011253	 PROTEIN LIAT1
OG0011257	
OG0011264	 CHROMOSOME 11 OPEN READING FRAME 97
OG0011267	
OG0011268	 FAMILY NOT NAMED
OG0011269	 ARYL-ALCOHOL DEHYDROGENASE AAD16-RELATED
OG0011273	 SUBFAMILY NOT NAMED
OG0011277	
OG0011301	
OG0011306	 TISSUE ALPHA-L-FUCOSIDASE
OG0011310	
OG0011318	 UBIQUITIN CARBOXYL-TERMINAL HYDROLASES FAMILY 2
OG0011323	
OG0011326	 DYE-DECOLORIZING PEROXIDASE YFEX
OG0011329	
OG0011337	
OG0011341	 ANKYRIN REPEAT-CONTAINING PROTEIN DDB_G0279043
OG0011347	
OG0011358	 CUTICLE COLLAGEN 79-RELATED
OG0011370	
OG0011372	
OG0011373	
OG0011378	
OG0011380	
OG0011403	
OG0011502	 "PUCKERED ISOFORM A"
OG0011516	 "ENDO-BETA-1 4-MANNANASE"
OG0011517	 FLAVIN-CONTAINING MONOOXYGENASE
OG0011519	 .
OG0011521	
OG0011526	 ENDONUCLEASE 8-LIKE 1
OG0011527	
OG0011528	
OG0011530	 RBPJ-INTERACTING AND TUBULIN-ASSOCIATED PROTEIN 1
OG0011532	 SI:DKEY-19B23.7
OG0011536	 KELCH PROTEIN
OG0011537	 SH3 DOMAIN-CONTAINING YSC84-LIKE PROTEIN 1
OG0011538	 .
OG0011539	 PROTEIN AARDVARK
OG0011553	
OG0011557	 PHOSPHONATES-BINDING PERIPLASMIC PROTEIN
OG0011573	
OG0011576	 .
OG0011579	
OG0011582	
OG0011589	 PLASMA ALPHA-L-FUCOSIDASE
OG0011590	
OG0011596	 RIKEN CDNA 2700097O09
OG0011600	
OG0011603	
OG0011615	 F-BOX ONLY PROTEIN
OG0011618	 NADH DEHYDROGENASE-RELATED
OG0011621	 RHO-RELATED GTP-BINDING PROTEIN RHOJ
OG0011622	 "A-TYPE INCLUSION PROTEIN PUTATIVE-RELATED"
OG0011658	
OG0011659	
OG0011662	
OG0011672	 LD39211P
OG0011674	
OG0011675	
OG0011698	 PHD FAMILY PROTEIN
OG0011703	 LOW-DENSITY LIPOPROTEIN RECEPTOR-RELATED
OG0011707	 GLYCOPROTEIN-N-ACETYLGALACTOSAMINE 3-BETA-GALACTOSYLTRANSFERASE 1
OG0011716	
OG0011821	 ANKYRIN REPEAT AND SOCS BOX PROTEIN 12
OG0011824	 .
OG0011828	
OG0011830	 NUCLEOTIDE TRIPHOSPHATE DIPHOSPHATASE NUDT15
OG0011831	 METHYLTRANSFERASE YQEM-RELATED
OG0011833	 GH11867P
OG0011839	 TRANSMEMBRANE PROTEIN 243
OG0011848	 .
OG0011851	
OG0011853	
OG0011861	 F-BOX/LRR-REPEAT PROTEIN 12
OG0011862	 .
OG0011868	
OG0011872	
OG0011875	 FAMILY NOT NAMED
OG0011885	 AMIDOHYDROLASE
OG0011886	 PROTEIN ARGININE N-METHYLTRANSFERASE 6
OG0011888	
OG0011894	 RAD51-ASSOCIATED PROTEIN 1
OG0011897	 PROTEIN PHOSPATASE 3 REGULATORY SUBUNIT B ALPHA ISOFORM TYPE 1
OG0011900	 ENDONUCLEASE 8-LIKE 3
OG0011904	 PLECKSTRIN HOMOLOGY DOMAIN-CONTAINING FAMILY J MEMBER 1
OG0011906	 E3 UBIQUITIN-PROTEIN LIGASE HACE1
OG0011907	 S-ADENOSYL-L-METHIONINE-DEPENDENT METHYLTRANSFERASES SUPERFAMILY PROTEIN
OG0011909	 SUBFAMILY NOT NAMED
OG0011911	 FILAMIN-C
OG0011912	 RE23320P-RELATED
OG0011929	
OG0011932	 GH16843P
OG0011947	 X-LINKED INTERLEUKIN-1 RECEPTOR ACCESSORY PROTEIN-LIKE 2
OG0011955	
OG0011971	 SI:DKEY-256H2.1
OG0011977	 SUBFAMILY NOT NAMED
OG0011982	
OG0011989	 GH16740P-RELATED
OG0011991	
OG0011992	 ESPIN
OG0012020	
OG0012021	
OG0012040	
OG0012043	 ZINC FINGER PROTEIN
OG0012051	
OG0012073	
OG0012077	
OG0012079	
OG0012088	
OG0012098	
OG0012105	
OG0012107	 TRIPARTITE MOTIF-CONTAINING PROTEIN 2-LIKE PROTEIN
OG0012206	
OG0012214	
OG0012218	 METHYLTRANSFERASE FAMILY PROTEIN-RELATED
OG0012219	
OG0012221	 PROTEIN YDCF
OG0012222	
OG0012225	 ANKYRIN REPEAT-CONTAINING PROTEIN DDB_G0279043
OG0012239	
OG0012243	 INTESTINAL TREFOIL FACTOR-RELATED
OG0012246	 RE14504P
OG0012248	 TETRATRICOPEPTIDE REPEAT PROTEIN 32
OG0012249	
OG0012256	 SI:CH211-175M2.5
OG0012257	 .
OG0012258	
OG0012261	 SULFOQUINOVOSIDASE
OG0012262	 UPF0538 FAMILY MEMBER
OG0012264	 THIOREDOXIN SUPERFAMILY PROTEIN
OG0012268	 ATP-DEPENDENT DNA HELICASE
OG0012272	 "EARLY GIRL ISOFORM A-RELATED"
OG0012273	
OG0012278	
OG0012280	 SUBFAMILY NOT NAMED
OG0012281	 PROTEIN FAM181A
OG0012287	 METHYLTHIORIBOSE KINASE
OG0012288	
OG0012290	 HYPOXIA-INDUCIBLE FACTOR 1 ALPHA
OG0012291	
OG0012292	
OG0012293	 FI02826P
OG0012296	 .
OG0012303	 .
OG0012311	
OG0012312	
OG0012322	
OG0012324	 CREB-BINDING PROTEIN
OG0012353	 RH04535P
OG0012370	 B2 BRADYKININ RECEPTOR/ANGIOTENSIN II RECEPTOR
OG0012377	
OG0012379	 .
OG0012383	 "THREONINE DEHYDRATASE MITOCHONDRIAL-RELATED"
OG0012385	 .
OG0012393	 SUBFAMILY NOT NAMED
OG0012397	 .
OG0012398	 .
OG0012402	
OG0012403	 SLOWPOKE-BINDING PROTEIN
OG0012410	
OG0012414	
OG0012425	
OG0012426	
OG0012429	
OG0012432	
OG0012434	 SUBFAMILY NOT NAMED
OG0012446	
OG0012450	 ACYL-COENZYME A OXIDASE
OG0012467	 GLYCOSYLTRANSFERASE-RELATED
OG0012476	
OG0012477	 CKLF-LIKE MARVEL TRANSMEMBRANE DOMAIN-CONTAINING PROTEIN 7
OG0012485	
OG0012493	
OG0012494	
OG0012495	
OG0012497	
OG0012498	
OG0012510	
OG0012531	
OG0012695	 IP01388P-RELATED
OG0012701	
OG0012708	
OG0012710	
OG0012712	 ADP-RIBOSYLGLYCOHYDROLASE FAMILY PROTEIN (AFU_ORTHOLOGUE AFUA_8G01570)
OG0012720	 PROTEIN HOS4
OG0012721	
OG0012730	
OG0012739	 THROMBOSPONDIN-RELATED ANONYMOUS PROTEIN
OG0012742	 G PROTEIN-COUPLED RECEPTOR
OG0012743	 CYCLIN-DEPENDENT KINASE INHIBITOR 2C-RELATED
OG0012749	 LP08712P
OG0012751	
OG0012762	
OG0012763	 .
OG0012765	 FAMILY NOT NAMED
OG0012773	 CHROMOSOME 12 ORF 43 HOMOLOG
OG0012774	 CAMP-DEPENDENT PROTEIN KINASE REGULATORY CHAIN
OG0012779	 PHOSPHATIDYLINOSITOL 4-PHOSPHATE 5-KINASE-LIKE PROTEIN 1
OG0012781	 N-ACYL-AROMATIC-L-AMINO ACID AMIDOHYDROLASE (CARBOXYLATE-FORMING)
OG0012797	 "ENOLASE SUPERFAMILY MANDELATE RACEMASE"
OG0012798	 CKII-ALPHA SUBUNIT INTERACTOR-1-RELATED
OG0012827	 PERIOD CIRCADIAN PROTEIN
OG0012833	
OG0012846	
OG0012847	
OG0012851	 L-GULONOLACTONE OXIDASE
OG0012856	 FAMILY NOT NAMED
OG0012860	 .
OG0012861	
OG0012865	 ZGC:65997
OG0012876	
OG0012878	 LAMININ SUBUNIT ALPHA-LIKE PROTEIN
OG0012886	
OG0012909	
OG0012920	 TRANSIENT RECEPTOR POTENTIAL CATION CHANNEL SUBFAMILY V MEMBER 3
OG0012924	
OG0012928	
OG0012930	 FI01024P
OG0012949	
OG0012950	 PROTEIN CBG06927
OG0012954	
OG0012972	
OG0012977	 "ANKYRIN REPEAT PH AND SEC7 DOMAIN CONTAINING PROTEIN SECG-RELATED"
OG0013038	
OG0013041	
OG0013045	
OG0013048	
OG0013214	
OG0013231	 TRANSMEMBRANE PROTEIN 243
OG0013245	 FAMILY NOT NAMED
OG0013248	 .
OG0013251	 CASPASE-2
OG0013253	 MITOGEN-ACTIVATED PROTEIN KINASE KINASE KINASE 14
OG0013260	 .
OG0013270	
OG0013272	
OG0013274	
OG0013275	
OG0013279	
OG0013281	
OG0013287	
OG0013295	
OG0013297	
OG0013301	 STABILIZER OF AXONEMAL MICROTUBULES 2
OG0013306	 .
OG0013307	 NUCLEAR FUSION PROTEIN FUS2
OG0013310	
OG0013315	 .
OG0013330	 3-HYDROXYBUTYRATE DEHYDROGENASE TYPE 2
OG0013349	 .
OG0013372	 CHROMATIN STRUCTURE-REMODELING COMPLEX PROTEIN SYD
OG0013393	
OG0013396	
OG0013408	
OG0013447	
OG0013452	 .
OG0013457	 SUBFAMILY NOT NAMED
OG0013460	 NOTCH LIGAND FAMILY MEMBER
OG0013468	
OG0013479	
OG0013480	
OG0013496	
OG0013499	
OG0013507	
OG0013509	 HORMONE RECEPTOR 83
OG0013510	
OG0013548	 POLYGLUTAMINE SYNTHESIS ACCESSORY PROTEIN RV0574C-RELATED
OG0013549	
OG0013550	
OG0013562	
OG0013565	
OG0013569	
OG0013572	 NEURONAL ACETYLCHOLINE RECEPTOR SUBUNIT ALPHA-2
OG0013588	
OG0013599	
OG0013640	
OG0013647	
OG0013648	
OG0013652	
OG0013656	
OG0013661	
OG0013888	 PRELI DOMAIN-CONTAINING PROTEIN 2
OG0013895	
OG0013904	
OG0013905	
OG0013916	 GLYCEROL-3-PHOSPHATE DEHYDROGENASE
OG0013919	
OG0013927	 AGAP005681-PA
OG0013932	 SUBFAMILY NOT NAMED
OG0013933	 TRANSMEMBRANE PROTEIN 236
OG0013937	
OG0013967	
OG0013969	
OG0013970	 .
OG0013982	
OG0013983	 F14O23.11 PROTEIN
OG0013984	
OG0013986	
OG0013987	
OG0013990	
OG0013999	
OG0014013	
OG0014021	
OG0014029	
OG0014046	
OG0014070	 THYMOSIN BETA
OG0014071	 QRFP-LIKE PEPTIDE RECEPTOR
OG0014076	 PROTEIN CBG02395
OG0014079	
OG0014082	
OG0014084	
OG0014099	
OG0014106	 .
OG0014107	
OG0014114	 .
OG0014117	
OG0014119	 .
OG0014126	 G PROTEIN-COUPLED RECEPTOR
OG0014127	 HL07962P-RELATED
OG0014128	
OG0014129	 PROTEIN TIMELESS
OG0014147	
OG0014149	
OG0014155	
OG0014156	 EG:BACR37P7.8 PROTEIN
OG0014166	
OG0014171	
OG0014173	 .
OG0014176	
OG0014179	
OG0014186	 OPSIN
OG0014187	
OG0014188	
OG0014189	
OG0014195	 AMILORIDE-SENSITIVE SODIUM CHANNEL-RELATED
OG0014199	
OG0014206	
OG0014212	
OG0014216	
OG0014221	
OG0014224	
OG0014226	
OG0014233	
OG0014242	
OG0014257	 FIBRILLIN 2B
OG0014262	 GUANINE DEAMINASE
OG0014267	
OG0014272	
OG0014277	
OG0014284	
OG0014297	
OG0014298	
OG0014300	 .
OG0014303	 "ANKYRIN REPEAT PH AND SEC7 DOMAIN CONTAINING PROTEIN SECG-RELATED"
OG0014304	
OG0014312	 GREB1-RELATED
OG0014322	
OG0014364	
OG0014384	 INTER-ALPHA-TRYPSIN INHIBITOR HEAVY CHAIN FAMILY MEMBER
OG0014693	
OG0014697	
OG0014702	
OG0014705	
OG0014707	 HEXOSYLTRANSFERASE
OG0014728	 .
OG0014744	 "VESICULAR OVEREXPRESSED IN CANCER PROSURVIVAL PROTEIN 1"
OG0014745	 NOTCH LIGAND FAMILY MEMBER
OG0014747	 SUBFAMILY NOT NAMED
OG0014755	
OG0014765	 .
OG0014770	 XYLOSYLTRANSFERASE OXT
OG0014773	 "DEHYDROGENASE PUTATIVE-RELATED"
OG0014775	
OG0014785	
OG0014791	 THIOSULFATE SULFURTRANSFERASE/RHODANESE-LIKE DOMAIN-CONTAINING PROTEIN 2
OG0014793	
OG0014827	 PROTEIN LONG AFTER FAR-RED 3
OG0014837	
OG0014842	
OG0014849	
OG0014860	
OG0014862	
OG0014868	
OG0014875	
OG0014883	 CRYPTOCHROME-1
OG0014904	
OG0014920	
OG0014922	 "ATILLA ISOFORM B-RELATED-RELATED"
OG0014924	 "SPLICING FACTOR ARGININE/SERINE-RICH 15"
OG0014930	 WD REPEAT-CONTAINING PROTEIN 73
OG0014933	
OG0014936	
OG0014943	 SUBFAMILY NOT NAMED
OG0014946	
OG0014959	
OG0014964	 .
OG0014966	
OG0014973	 "A-TYPE INCLUSION PROTEIN PUTATIVE-RELATED"
OG0014980	 "SPINOPHILIN ISOFORM J"
OG0014990	
OG0014998	
OG0015008	
OG0015013	 CLOCK-INTERACTING PACEMAKER
OG0015020	
OG0015035	
OG0015041	
OG0015059	
OG0015060	 ZINC FINGER PROTEIN
OG0015063	
OG0015064	 AP ENDONUCLEASE
OG0015065	 CIRCADIAN LOCOMOTER OUTPUT CYCLES PROTEIN KAPUT
OG0015068	 ADRENERGIC RECEPTOR-RELATED G-PROTEIN COUPLED RECEPTOR
OG0015071	
OG0015077	 FAMILY NOT NAMED
OG0015085	
OG0015093	
OG0015101	
OG0015103	 O-SUCCINYLBENZOATE SYNTHASE-RELATED
OG0015106	 .
OG0015108	
OG0015110	
OG0015130	
OG0015137	
OG0015151	
OG0015157	
OG0015160	
OG0015165	 "FAMILY PROTEIN PUTATIVE-RELATED"
OG0015174	 SUBFAMILY NOT NAMED
OG0015182	
OG0015209	
OG0015224	
OG0015227	
OG0015234	
OG0015236	
OG0015657	
OG0015666	
OG0015667	
OG0015669	
OG0015683	 SIMILAR TO RIKEN CDNA 4921536K21
OG0015711	
OG0015731	
OG0015746	 HEAT SHOCK PROTEIN HSP-12.2-RELATED
OG0015749	
OG0015766	 LD05707P
OG0015771	
OG0015780	
OG0015787	
OG0015798	
OG0015802	
OG0015826	 FIBRILLIN-RELATED
OG0015846	 FAMILY NOT NAMED
OG0015855	 .
OG0015859	
OG0015867	
OG0015870	
OG0015885	
OG0015892	
OG0015917	
OG0015923	
OG0015927	
OG0015934	
OG0015942	 MELATONIN RECEPTOR TYPE 1A-LIKE ISOFORM X2
OG0015970	 .
OG0015999	
OG0016005	
OG0016009	
OG0016029	
OG0016034	
OG0016039	
OG0016040	 CYSTEINE-RICH MOTOR NEURON 1 PROTEIN
OG0016050	
OG0016054	
OG0016060	
OG0016062	 "NICOTINIC ACETYLCHOLINE RECEPTOR ALPHA3 ISOFORM B"
OG0016064	
OG0016065	
OG0016074	 .
OG0016077	
OG0016079	
OG0016081	
OG0016082	 HISTAMINE RECEPTOR-RELATED G-PROTEIN COUPLED RECEPTOR
OG0016090	
OG0016106	
OG0016111	 FAMILY NOT NAMED
OG0016112	 LD35051P
OG0016119	 IP01005P
OG0016124	 SUBFAMILY NOT NAMED
OG0016125	
OG0016127	
OG0016129	
OG0016135	 SODIUM-COUPLED MONOCARBOXYLATE TRANSPORTER
OG0016147	
OG0016152	 MOLTING PROTEIN MLT-4
OG0016154	 ANKYRIN REPEAT AND SOCS BOX PROTEIN 2
OG0016155	 SIR2 FAMILY PROTEIN
OG0016162	
OG0016168	
OG0016169	
OG0016170	
OG0016171	
OG0016176	 ANION TRANSPORTER SULP-8A
OG0016177	
OG0016178	
OG0016210	
OG0016211	
OG0016215	
OG0016227	
OG0016229	
OG0016231	
OG0016240	 "CULTURE SPECIFIC PROTEIN PUTATIVE (AFU_ORTHOLOGUE AFUA_2G00130)-RELATED"
OG0016242	
OG0016250	
OG0016253	
OG0016254	
OG0016255	 DNAH12 ISOFORM 2
OG0016257	
OG0016319	
OG0016337	
OG0016344	
OG0016347	 "ATILLA ISOFORM B-RELATED-RELATED"
OG0016349	
OG0016350	
OG0016851	
OG0016861	
OG0016875	
OG0016889	
OG0016901	
OG0016907	 GLYCOPROTEIN HORMONE RECEPTOR
OG0016914	
OG0016916	
OG0016922	 GROWTH FACTOR-INDEPENDENT 1A TRANSCRIPTION REPRESSOR B-RELATED
OG0016933	
OG0016949	
OG0016958	
OG0016959	
OG0016970	
OG0016975	
OG0016991	
OG0016994	
OG0017018	
OG0017019	
OG0017020	 REGULATION OF ENOLASE PROTEIN 1
OG0017025	
OG0017031	 .
OG0017038	
OG0017046	
OG0017051	
OG0017055	
OG0017067	
OG0017092	
OG0017113	
OG0017120	
OG0017128	
OG0017150	
OG0017169	
OG0017171	 .
OG0017197	
OG0017198	
OG0017215	 .
OG0017221	
OG0017237	 "POLYHOMEOTIC DISTAL ISOFORM A-RELATED"
OG0017241	
OG0017248	
OG0017263	
OG0017277	 PROTEIN CBG04600
OG0017320	
OG0017322	 G PROTEIN-COUPLED RECEPTOR 153
OG0017324	
OG0017326	
OG0017333	
OG0017337	
OG0017338	
OG0017339	
OG0017344	
OG0017346	
OG0017358	 ADRENERGIC RECEPTOR-RELATED G-PROTEIN COUPLED RECEPTOR
OG0017362	
OG0017366	
OG0017379	
OG0017381	 HISTAMINE RECEPTOR-RELATED G-PROTEIN COUPLED RECEPTOR
OG0017382	 ZINC FINGER PROTEIN
OG0017387	
OG0017388	 FAMILY NOT NAMED
OG0017389	 .
OG0017394	
OG0017397	 RIKEN CDNA 4931406P16 GENE
OG0017400	 .
OG0017402	
OG0017406	 TRANSCRIPTIONAL REPRESSOR CTCFL-RELATED
OG0017407	
OG0017413	
OG0017415	
OG0017421	 .
OG0017439	
OG0017444	
OG0017447	
OG0017448	
OG0017449	
OG0017458	
OG0017483	 CYSTEINE-RICH MOTOR NEURON 1 PROTEIN
OG0017491	
OG0017492	
OG0017494	
OG0017496	
OG0017499	 IP01388P-RELATED
OG0017503	 UNSATURATED RHAMNOGALACTURONAN HYDROLASE (EUROFUNG)
OG0017512	
OG0017515	
OG0017536	
OG0017555	 GLYCOPROTEIN-N-ACETYLGALACTOSAMINE 3-BETA-GALACTOSYLTRANSFERASE 1-B
OG0017566	 GLYCOSYLTRANSFERASE FAMILY 64 PROTEIN C4
OG0017583	
OG0017588	
OG0017594	
OG0017596	 NEUROLIGIN
OG0017603	
OG0017611	
OG0017626	
OG0017628	
OG0017665	
OG0017695	
OG0017722	
OG0017734	
OG0017752	
OG0017759	
OG0017763	
OG0017766	 SI:CH73-281K2.5
OG0017769	
OG0017772	 ENTEROPEPTIDASE
OG0017774	
OG0017777	
OG0017780	
OG0017785	
OG0017786	
OG0018535	
OG0018541	 .
OG0018566	 CYANOPHYCINASE
OG0018575	
OG0018579	
OG0018581	 SI:DKEY-30K22.7
OG0018590	 SUBFAMILY NOT NAMED
OG0018628	 FI19480P1
OG0018647	
OG0018648	
OG0018649	
OG0018650	
OG0018655	
OG0018665	
OG0018688	
OG0018696	 DRAXIN
OG0018703	
OG0018715	
OG0018727	
OG0018728	
OG0018731	
OG0018735	
OG0018737	
OG0018748	
OG0018749	
OG0018766	 MUCIN-13
OG0018767	
OG0018771	
OG0018772	
OG0018780	
OG0018786	
OG0018828	
OG0018843	
OG0018881	 "A-TYPE INCLUSION PROTEIN PUTATIVE-RELATED"
OG0018883	
OG0018887	 SUBFAMILY NOT NAMED
OG0018889	
OG0018938	
OG0018973	
OG0018974	
OG0018981	
OG0018991	 ZINC FINGER AND BTB DOMAIN-CONTAINING
OG0018992	
OG0019000	
OG0019007	 FI16820P1-RELATED
OG0019008	
OG0019018	
OG0019020	
OG0019042	 GLY-1
OG0019044	
OG0019049	 CADHERIN-87A
OG0019091	 FI01424P-RELATED
OG0019112	
OG0019130	 .
OG0019134	
OG0019176	
OG0019180	
OG0019184	
OG0019188	
OG0019190	
OG0019202	 .
OG0019208	
OG0019224	
OG0019238	
OG0019249	
OG0019250	
OG0019251	
OG0019254	
OG0019271	
OG0019274	
OG0019276	
OG0019287	
OG0019292	
OG0019295	
OG0019296	 C-TYPE LECTIN SUPERFAMILY MEMBER
OG0019301	
OG0019302	 .
OG0019304	 GH08155P
OG0019321	
OG0019322	
OG0019323	
OG0019328	 ANKYRIN REPEAT-CONTAINING PROTEIN DDB_G0279043
OG0019335	
OG0019340	
OG0019341	 CALMODULIN
OG0019347	
OG0019348	
OG0019351	 FMRFAMIDE RECEPTOR-RELATED
OG0019355	 PROTEIN LIN-12
OG0019357	
OG0019359	 LOW-DENSITY LIPOPROTEIN RECEPTOR-RELATED
OG0019364	
OG0019366	 PANNEXIN
OG0019368	
OG0019371	
OG0019373	 3-HYDROXYACYL-THIOESTER DEHYDRATASE HTDX-RELATED
OG0019374	
OG0019380	 "ATILLA ISOFORM B-RELATED-RELATED"
OG0019381	
OG0019382	
OG0019383	
OG0019387	
OG0019388	
OG0019391	 .
OG0019394	
OG0019395	
OG0019397	
OG0019398	
OG0019400	
OG0019404	
OG0019413	
OG0019420	 LOW-DENSITY LIPOPROTEIN RECEPTOR-RELATED PROTEIN 2-RELATED
OG0019425	
OG0019426	
OG0019455	 PROTEIN CBG23477
OG0019462	
OG0019475	
OG0019476	
OG0019514	
OG0019529	
OG0019618	
OG0019619	
OG0019634	
OG0019667	
OG0019671	
OG0019685	
OG0019690	
OG0019697	
OG0019698	
OG0019710	
OG0019711	
OG0019713	
OG0019715	
OG0019721	
OG0020876	
OG0020878	
OG0020898	
OG0020903	
OG0020950	
OG0020977	
OG0021003	 ENOYL-COA HYDRATASE
OG0021011	
OG0021028	
OG0021029	
OG0021047	
OG0021073	
OG0021099	
OG0021107	
OG0021113	
OG0021133	
OG0021136	
OG0021146	 THROMBOSPONDIN TYPE-1 DOMAIN-CONTAINING PROTEIN 7B
OG0021156	
OG0021159	
OG0021164	
OG0021167	
OG0021170	
OG0021171	
OG0021175	
OG0021215	
OG0021337	
OG0021339	
OG0021353	
OG0021354	
OG0021360	
OG0021407	
OG0021435	 COXSACKIEVIRUS AND ADENOVIRUS RECEPTOR
OG0021486	 BLOODY FINGERS-RELATED
OG0021490	
OG0021492	
OG0021499	
OG0021518	
OG0021523	
OG0021524	
OG0021626	
OG0021629	 .
OG0021633	 SUBFAMILY NOT NAMED
OG0021635	
OG0021644	 .
OG0021694	
OG0021710	
OG0021712	
OG0021724	
OG0021726	 G-PROTEIN COUPLED RECEPTOR
OG0021727	
OG0021732	
OG0021752	
OG0021758	
OG0021760	
OG0021765	
OG0021789	 PLECKSTRIN-2
OG0021790	
OG0021792	
OG0021793	
OG0021810	 FI02810P
OG0021823	 SUBFAMILY NOT NAMED
OG0021825	 LD39136P
OG0021826	
OG0021835	
OG0021843	
OG0021845	
OG0021847	
OG0021853	
OG0021856	
OG0021860	
OG0021861	 "ANKYRIN REPEAT PH AND SEC7 DOMAIN CONTAINING PROTEIN SECG-RELATED"
OG0021862	 SPHINGOSINE KINASE
OG0021865	 .
OG0021867	
OG0021868	
OG0021871	
OG0021874	
OG0021875	
OG0021877	
OG0021878	
OG0021882	 "DIAMINOPIMELATE EPIMERASE CHLOROPLASTIC"
OG0021883	
OG0021886	 ADENOSINE RECEPTOR HOMOLOG
OG0021887	
OG0021892	
OG0021893	
OG0021894	 "EGF-LIKE-DOMAIN MULTIPLE 7 8"
OG0021897	 DICKKOPF-RELATED PROTEIN 4
OG0021903	
OG0021904	
OG0021905	
OG0021906	
OG0021912	
OG0021913	
OG0021918	
OG0021919	 ZINC FINGER PROTEIN
OG0021920	
OG0021923	
OG0021926	
OG0021927	 ANION EXCHANGE PROTEIN
OG0021931	
OG0021932	 SODIUM/HYDROGEN EXCHANGER 5
OG0021935	
OG0021940	
OG0021944	
OG0021946	
OG0021947	
OG0021948	
OG0021949	 WD REPEAT-CONTAINING PROTEIN 1
OG0021951	
OG0021954	
OG0021955	
OG0021956	
OG0021958	 "3-DEHYDROQUINATE SYNTHASE CHLOROPLASTIC"
OG0021961	
OG0021962	
OG0021963	
OG0021964	
OG0021974	
OG0021977	
OG0021988	
OG0022009	
OG0022015	
OG0022023	 TATA ELEMENT MODULATORY FACTOR TMF1
OG0022036	
OG0022058	
OG0022064	 "ADA2A-CONTAINING COMPLEX COMPONENT 3 ISOFORM D"
OG0022069	
OG0022074	
OG0022076	
OG0022077	 .
OG0022093	
OG0022103	
OG0022106	
OG0022131	
OG0022135	
OG0022138	
OG0022140	
OG0022152	
OG0022208	
OG0022270	
OG0022276	
OG0022278	
OG0022347	 "ANKYRIN REPEAT PH AND SEC7 DOMAIN CONTAINING PROTEIN SECG-RELATED"
OG0022350	
OG0022356	
OG0022372	
OG0022373	
OG0022375	
OG0022385	
OG0022386	
OG0022396	
OG0022401	
OG0022403	
OG0022410	
OG0022414	
OG0022418	
OG0022419	
OG0024234	
OG0024276	
OG0024302	
OG0024319	
OG0024342	
OG0024372	
OG0024376	
OG0024391	
OG0024413	
OG0024435	
OG0024438	
OG0024447	 TRANSCRIPTIONAL REPRESSOR CTCFL-RELATED
OG0024517	
OG0024521	
OG0024542	
OG0024543	
OG0024552	
OG0024571	
OG0024587	
OG0024589	
OG0024597	
OG0024602	
OG0024603	
OG0024619	
OG0024686	
OG0024696	
OG0024772	
OG0024774	
OG0024781	
OG0024794	
OG0024833	
OG0024899	
OG0024913	
OG0024935	
OG0024936	
OG0024944	
OG0024955	
OG0024980	
OG0024994	
OG0025003	
OG0025006	
OG0025026	
OG0025108	
OG0025258	
OG0025282	
OG0025308	
OG0025318	
OG0025327	
OG0025334	
OG0025335	
OG0025340	
OG0025346	
OG0025349	 FMRFAMIDE RECEPTOR-RELATED
OG0025357	
OG0025363	 LOW-DENSITY LIPOPROTEIN RECEPTOR-RELATED PROTEIN 6-LIKE PROTEIN
OG0025372	
OG0025375	
OG0025381	
OG0025384	
OG0025386	
OG0025390	
OG0025397	
OG0025398	
OG0025409	 "MANNOSE PHOSPHOLIPASE LECTIN RECEPTOR RELATED"
OG0025414	
OG0025415	
OG0025417	
OG0025419	
OG0025422	
OG0025426	 .
OG0025431	 .
OG0025434	
OG0025445	
OG0025450	
OG0025453	 FMRFAMIDE RECEPTOR-RELATED
OG0025470	
OG0025471	
OG0025476	
OG0025477	
OG0025495	 SUBFAMILY NOT NAMED
OG0025496	
OG0025508	
OG0025520	 PUTATIVE (AFU_ORTHOLOGUE AFUA_1G03170)-RELATED
OG0025522	
OG0025525	
OG0025526	
OG0025527	
OG0025529	
OG0025530	
OG0025533	 .
OG0025538	 SLIT RELATED LEUCINE-RICH REPEAT NEURONAL PROTEIN
OG0025541	
OG0025542	
OG0025543	
OG0025546	
OG0025548	
OG0025552	
OG0025553	
OG0025555	 .
OG0025558	
OG0025561	
OG0025562	
OG0025563	 G-PROTEIN COUPLED RECEPTOR
OG0025564	
OG0025566	
OG0025570	
OG0025574	
OG0025581	
OG0025584	
OG0025585	 .
OG0025586	
OG0025588	
OG0025589	
OG0025591	
OG0025592	
OG0025593	
OG0025594	 LEUCINE-RICH REPEAT-CONTAINING PROTEIN 4C
OG0025598	
OG0025599	 GALECTIN-9
OG0025600	 DELTA-LIKE PROTEIN
OG0025601	
OG0025602	
OG0025603	 CYTOCHROME P450 18A1
OG0025605	
OG0025609	
OG0025610	 CHROMAFFIN GRANULE AMINE TRANSPORTER
OG0025616	 GNAT FAMILY N-ACETYLTRANSFERASE
OG0025617	
OG0025618	
OG0025619	
OG0025631	
OG0025634	
OG0025635	
OG0025638	
OG0025639	
OG0025640	
OG0025641	
OG0025643	
OG0025645	
OG0025647	
OG0025649	
OG0025650	
OG0025651	
OG0025652	
OG0025654	
OG0025657	
OG0025660	
OG0025662	
OG0025663	
OG0025669	
OG0025673	
OG0025676	
OG0025696	
OG0025706	
OG0025733	
OG0025734	 "BETA1 3-GALACTOSYLTRANSFERASE"
OG0025737	
OG0025743	
OG0025749	 DOWN SYNDROME CELL ADHESION MOLECULE
OG0025751	
OG0025766	
OG0025783	 KRAB AND ZINC FINGER DOMAIN-CONTAINING
OG0025791	
OG0025793	
OG0025796	
OG0025797	
OG0025799	
OG0025800	
OG0025801	 GH15296P
OG0025811	
OG0025821	
OG0025823	
OG0025828	
OG0025838	
OG0025845	
OG0025846	
OG0025847	
OG0025851	
OG0025855	
OG0025861	
OG0025862	
OG0025865	
OG0025869	
OG0025872	
OG0025879	
OG0025881	
OG0025882	
OG0025883	
OG0026111	
OG0026148	
OG0026195	
OG0026233	
OG0026255	
OG0026258	
OG0026259	
OG0026274	 FI14129P
OG0026277	 SUBFAMILY NOT NAMED
OG0026282	
OG0026284	
OG0026292	
OG0026298	 RE23320P-RELATED
OG0026318	
OG0026319	
OG0026339	
OG0026340	
OG0029380	
OG0029429	
OG0029450	
OG0029452	
OG0029476	 SEC14 DOMAIN AND SPECTRIN REPEAT-CONTAINING PROTEIN 1-LIKE PROTEIN
OG0029487	
OG0029504	
OG0029523	
OG0029524	
OG0029557	
OG0029584	
OG0029613	
OG0029671	
OG0029710	
OG0029721	
OG0029746	
OG0029756	
OG0029772	
OG0029823	
OG0029831	
OG0029854	
OG0029874	
OG0029912	
OG0029918	
OG0029931	
OG0029940	
OG0029941	
OG0029944	
OG0029946	
OG0029955	
OG0029962	
OG0029964	
OG0029966	
OG0029970	
OG0029974	
OG0029985	
OG0030017	
OG0030278	
OG0030303	
OG0030397	
OG0030424	
OG0030426	
OG0030469	
OG0030483	 MSTPROX-RELATED
OG0030520	
OG0030534	
OG0030546	
OG0030572	
OG0030597	
OG0030627	
OG0030688	
OG0030709	
OG0030833	
OG0030876	
OG0030894	
OG0030899	
OG0030905	
OG0030914	
OG0030936	
OG0030937	
OG0030957	
OG0030966	
OG0030970	
OG0030976	
OG0031007	 IMMUNOGLOBULIN SUPERFAMILY MEMBER 5
OG0031014	 FI02810P
OG0031016	
OG0031020	 DEATH DOMAIN-CONTAINING PROTEIN CRADD
OG0031025	
OG0031027	
OG0031032	
OG0031034	
OG0031035	 DPR-INTERACTING PROTEIN EPSILON-RELATED
OG0031037	
OG0031043	 EG:80H7.2 PROTEIN
OG0031063	
OG0031064	 40-2-3 PROTEIN-RELATED
OG0031068	
OG0031078	
OG0031079	
OG0031087	
OG0031093	
OG0031106	 COMPLEMENT FACTOR H-RELATED
OG0031108	
OG0031110	
OG0031119	
OG0031123	
OG0031135	
OG0031142	
OG0031146	 "BETA-1 3-GALACTOSYLTRANSFERASE BRN"
OG0031149	
OG0031153	
OG0031156	
OG0031157	
OG0031158	 GALACTOSIDE 2-L-FUCOSYLTRANSFERASE
OG0031160	
OG0031170	
OG0031174	 E3 UBIQUITIN-PROTEIN LIGASE TRIM71
OG0031175	 DESMOGLEIN FAMILY MEMBER
OG0031176	
OG0031182	
OG0031193	
OG0031194	
OG0031200	
OG0031203	
OG0031214	
OG0031216	
OG0031225	
OG0031227	 MOLTING PROTEIN MLT-4
OG0031234	
OG0031237	
OG0031242	
OG0031244	
OG0031253	 .
OG0031262	
OG0031266	
OG0031268	 GLYCOSYLTRANSFERASE FAMILY 92 PROTEIN
OG0031273	
OG0031276	
OG0031279	
OG0031285	
OG0031291	
OG0031293	
OG0031295	
OG0031296	
OG0031312	 PECTIN ACETYLESTERASE 8
OG0031319	 GLYCOPROTEIN HORMONE RECEPTOR
OG0031323	
OG0031324	
OG0031325	
OG0031327	
OG0031329	
OG0031330	 FMRFAMIDE RECEPTOR-RELATED
OG0031334	
OG0031345	 RAS-RESPONSIVE ELEMENT-BINDING PROTEIN 1
OG0031350	 N-ACETYLGALACTOSAMINYLTRANSFERASE
OG0031351	
OG0031353	
OG0031354	
OG0031357	
OG0031359	
OG0031361	
OG0031362	
OG0031363	
OG0031370	
OG0031373	
OG0031375	
OG0031382	
OG0031384	
OG0031385	
OG0031387	
OG0031388	
OG0031389	
OG0031392	
OG0031396	
OG0031398	
OG0031401	
OG0031402	
OG0031404	
OG0031406	
OG0031407	
OG0031409	
OG0031411	 LOC100145250 PROTEIN
OG0031412	
OG0031415	
OG0031416	
OG0031418	
OG0031420	
OG0031421	
OG0031422	
OG0031423	
OG0031424	
OG0031425	
OG0031426	
OG0031427	
OG0031428	
OG0031429	
OG0031430	
OG0031431	
OG0031432	
OG0031435	
OG0031439	
OG0031441	
OG0031443	
OG0031444	
OG0031445	
OG0031446	
OG0031447	
OG0031448	
OG0031449	
OG0031451	
OG0031452	
OG0031454	
OG0031455	
OG0031456	
OG0031458	 "DTDP-4-AMINO-4 6-DIDEOXYGALACTOSE TRANSAMINASE"
OG0031459	 GLUTAMINE AMIDOTRANSFERASE YLR126C-RELATED
OG0031461	
OG0031484	
OG0031493	
OG0031501	
OG0031517	
OG0031518	
OG0031538	
OG0031573	
OG0031575	
OG0031582	
OG0031583	
OG0031586	
OG0031591	
OG0031599	
OG0031603	
OG0031644	
OG0031670	
OG0031672	
OG0031674	
OG0031679	
OG0031681	
OG0031682	
OG0031687	
OG0031696	
OG0031702	
OG0031712	
OG0031716	
OG0031734	
OG0031735	
OG0031751	
OG0031752	
OG0031756	
OG0031760	
OG0031766	
OG0031767	
OG0031774	
OG0031777	
OG0031778	
OG0031779	
OG0031782	
OG0031790	
OG0031791	
OG0031792	
OG0031818	
OG0031819	
OG0031821	
OG0031822	
OG0031841	
OG0031843	
OG0031930	
OG0032133	
OG0032226	
OG0032263	
OG0032265	
OG0032270	
OG0032295	
OG0032376	
OG0032393	
OG0032455	
OG0032462	 ZINC FINGER PROTEIN
OG0032463	
OG0032465	
OG0032481	
OG0032483	
OG0032486	 FAT ATYPICAL CADHERIN-RELATED
OG0032492	
OG0032500	
OG0032501	
OG0032522	
OG0032525	
OG0032532	
OG0032542	
OG0032543	
OG0032558	 ZINC FINGER PROTEIN 936
OG0032560	
OG0032562	
OG0032570	 ZINC FINGER PROTEIN
OG0037856	
OG0037912	
OG0037922	
OG0037943	
OG0038066	
OG0038253	
OG0038367	
OG0038390	
OG0038445	
OG0038486	
OG0038558	
OG0038698	
OG0038728	
OG0038731	
OG0038781	
OG0038783	
OG0038800	
OG0039115	
OG0039150	
OG0039164	
OG0039205	
OG0039424	
OG0039478	
OG0039504	
OG0039565	
OG0039616	
OG0039656	
OG0039681	
OG0039882	
OG0039912	
OG0040140	
OG0040142	
OG0040144	
OG0040145	
OG0040146	
OG0040193	
OG0040195	
OG0040197	
OG0040198	
OG0040199	
OG0040200	
OG0040210	
OG0040282	
OG0040296	
OG0040307	
OG0040308	
OG0040311	
OG0040312	
OG0040365	
OG0040404	
OG0040411	
OG0040423	 .
OG0040427	 .
OG0040430	
OG0040443	
OG0040444	 .
OG0040450	
OG0040453	
OG0040477	
OG0040481	
OG0040489	
OG0040490	
OG0040494	
OG0040512	
OG0040522	
OG0040531	
OG0040547	
OG0040566	
OG0040578	
OG0040591	
OG0040609	
OG0040613	
OG0040619	
OG0040620	 .
OG0040621	 .
OG0040622	
OG0040633	
OG0040634	
OG0040636	
OG0040671	
OG0040677	
OG0040704	
OG0040708	
OG0040709	
OG0040727	 .
OG0040732	
OG0040735	 CYTOCHROME P450 2D6-RELATED
OG0040746	
OG0040771	
OG0040781	
OG0040783	
OG0040800	
OG0040807	
OG0040809	
OG0040839	 .
OG0040840	
OG0040849	
OG0040858	
OG0040880	
OG0040883	
OG0040887	
OG0040888	
OG0040889	
OG0040902	
OG0040904	
OG0040905	
OG0040906	
OG0040907	
OG0040908	
OG0040920	
OG0040935	
OG0040937	
OG0040945	
OG0040960	
OG0040961	
OG0040964	
OG0040965	 RE64534P
OG0040970	
OG0040985	
OG0041006	
OG0041017	
OG0041019	
OG0041026	
OG0041035	
OG0041039	
OG0041041	 SUBFAMILY NOT NAMED
OG0041042	
OG0041045	 .
OG0041048	 ZINC FINGER PROTEIN 410
OG0041050	
OG0041054	
OG0041067	
OG0041073	
OG0041074	
OG0041076	 "BINDING OXIDOREDUCTASE PUTATIVE (AFU_ORTHOLOGUE AFUA_2G08260)-RELATED"
OG0041077	
OG0041078	
OG0041079	
OG0041081	
OG0041084	
OG0041090	 COLLAGEN ALPHA
OG0041095	
OG0041096	
OG0041098	
OG0041099	
OG0041100	
OG0041103	
OG0041104	
OG0041105	
OG0041106	
OG0041107	
OG0041108	
OG0041109	
OG0041112	
OG0041113	
OG0041114	
OG0041116	
OG0041117	
OG0041121	
OG0041123	
OG0041124	
OG0041128	
OG0041130	
OG0041134	
OG0041135	
OG0041136	
OG0041140	
OG0041141	
OG0041142	
OG0041143	
OG0041144	
OG0041145	
OG0041146	
OG0041148	
OG0041151	
OG0041153	
OG0041154	
OG0041156	
OG0041157	
OG0041160	
OG0041161	
OG0041166	
OG0041168	
OG0041169	
OG0041171	
OG0041172	
OG0041174	
OG0041175	
OG0041178	
OG0041180	
OG0041183	
OG0041185	
OG0041186	 CHOLINESTERASE
OG0041189	
OG0041190	
OG0041191	
OG0041192	
OG0041194	
OG0041195	
OG0041197	
OG0041198	
OG0041199	
OG0041200	
OG0041202	
OG0041203	
OG0041204	
OG0041205	
OG0041207	
OG0041208	
OG0041209	
OG0041210	
OG0041211	
OG0041212	
OG0041213	
OG0041214	
OG0041215	
OG0041216	
OG0041217	
OG0041218	
OG0041219	
OG0041220	
OG0041222	
OG0041223	
OG0041224	
OG0041225	
OG0041227	
OG0041228	
OG0041229	
OG0041230	
OG0041231	
OG0041232	
OG0041239	
OG0041265	
OG0041269	
OG0041270	
OG0041285	
OG0041301	
OG0041333	
OG0041380	
OG0041433	
OG0041435	
OG0041460	
OG0041470	
OG0041496	
OG0041509	
OG0041516	 "ANKYRIN REPEAT PH AND SEC7 DOMAIN CONTAINING PROTEIN SECG-RELATED"
OG0041520	
OG0041578	
OG0041584	
OG0041602	
OG0041648	
OG0041673	
OG0041675	
OG0041692	
OG0041711	
OG0041761	
OG0041783	
OG0041792	
OG0041831	
OG0041849	
OG0041891	
OG0041896	
OG0041917	
OG0041931	
OG0041932	
OG0041938	
OG0041939	
OG0041967	
OG0041976	
OG0041977	
OG0041995	
OG0042005	
OG0042035	
OG0042172	
OG0042198	
OG0042500	
OG0042657	
OG0042921	
OG0042930	
OG0043008	
OG0043050	
OG0043078	
OG0043079	
OG0043094	
OG0043098	
OG0043099	
OG0043116	
OG0043119	
OG0043127	
OG0043130	
OG0043135	
OG0043142	
OG0043161	
OG0043163	
OG0043167	
OG0043182	
OG0043191	
OG0043208	
OG0043218	
OG0043229	
OG0043249	
OG0043256	
OG0043257	
OG0043270	
OG0043273	
OG0043277	
OG0043282	
OG0043284	
OG0043295	
OG0043296	
OG0043298	
OG0043307	
OG0043312	
OG0043313	
OG0043316	
